,cbmc_leiden
AAACAAGTATCTCCCA-1,9
AAACACCAATAACTGC-1,8
AAACAGAGCGACTCCT-1,5
AAACAGCTTTCAGAAG-1,11
AAACAGGGTCTATATT-1,11
AAACATGGTGAGAGGA-1,8
AAACATTTCCCGGATT-1,7
AAACCGGGTAGGTACC-1,4
AAACCGTTCGTCCAGG-1,10
AAACCTAAGCAGCCGG-1,14
AAACGAAGATGGAGTA-1,8
AAACGAGACGGTTGAT-1,2
AAACGGGCGTACGGGT-1,7
AAACGGTTGCGAACTG-1,10
AAACTCGGTTCGCAAT-1,14
AAACTCGTGATATAAG-1,0
AAACTGCTGGCTCCAA-1,1
AAACTTAATTGCACGC-1,16
AAACTTGCAAACGTAT-1,8
AAAGAATGTGGACTAA-1,13
AAAGGCTACGGACCAT-1,15
AAAGGCTCTCGCGCCG-1,0
AAAGGGATGTAGCAAG-1,4
AAAGTAGCATTGCTCA-1,10
AAAGTGTGATTTATCT-1,2
AAAGTTGACTCCCGTA-1,2
AAATAACCATACGGGA-1,5
AAATAAGGTAGTGCCC-1,0
AAATACCTATAAGCAT-1,1
AAATAGCTTAGACTTT-1,6
AAATAGGGTGCTATTG-1,1
AAATCCGATACACGCC-1,7
AAATCGCGGAAGGAGT-1,10
AAATCGTGTACCACAA-1,0
AAATCTAGCCCTGCTA-1,9
AAATGATTCGATCAGC-1,3
AAATGGCCCGTGCCCT-1,11
AAATGGTCAATGTGCC-1,3
AAATTAACGGGTAGCT-1,3
AAATTACACGACTCTG-1,5
AAATTACCTATCGATG-1,3
AAATTCCAGGTCCAAA-1,6
AAATTGATAGTCCTTT-1,10
AAATTTGCGGGTGTGG-1,4
AACAACTGGTAGTTGC-1,5
AACACACGCTCGCCGC-1,2
AACACGAGACGCGGCC-1,8
AACAGGATGGGCCGCG-1,5
AACAGGTAGTATGGAT-1,9
AACATATCAACTGGTG-1,0
AACATCGATACGTCTA-1,4
AACATTGTGACTCGAG-1,10
AACCAAGACTTCTCTG-1,10
AACCCATCCCATGATC-1,8
AACCCGAGCAGAATCG-1,9
AACCCTACTGTCAATA-1,2
AACCGAGCTTGGTCAT-1,3
AACCGCTAAGGGATGC-1,2
AACCTCGCTTTAGCCC-1,1
AACCTTTAAATACGGT-1,1
AACCTTTACGACGTCT-1,4
AACGAAAGTCGTCCCA-1,8
AACGATAATGCCGTAG-1,1
AACGATATGTCAACTG-1,3
AACGCATGATCTGGGT-1,3
AACGCGGTCTCCAGCC-1,4
AACGCTGTTGCTGAAA-1,9
AACGGACGTACGTATA-1,2
AACGGCCATCTCCGGT-1,4
AACGTACTGTGGGTAC-1,4
AACGTCAGACTAGTGG-1,12
AACGTCGCTGCACTTC-1,13
AACGTGCGAAAGTCTC-1,2
AACTACCCGTTTGTCA-1,9
AACTAGGCTTGGGTGT-1,0
AACTCAAGTTAATTGC-1,0
AACTCCAGAGCGTGTT-1,1
AACTCCTAATCCCATG-1,12
AACTCTCAATAGAGCG-1,2
AACTCTCAGTGTGCTC-1,10
AACTGGGTCCCGACGT-1,5
AACTTGCCCGTATGCA-1,12
AAGACATACGTGGTTT-1,7
AAGACCAAATAACTCA-1,16
AAGACCCAACTGAACA-1,15
AAGACTGCAAGCTACT-1,6
AAGAGCTCTTTATCGG-1,2
AAGAGGATGTACGCGA-1,4
AAGAGGCATGGATCGC-1,2
AAGAGGCCCTTTGGAA-1,7
AAGATGGCACCGGACC-1,6
AAGATTGGCGGAACGT-1,3
AAGCACCCTGCGTATC-1,1
AAGCATACTCTCCTGA-1,1
AAGCCGAAGCGGTTTA-1,6
AAGCGCAGGGCTTTGA-1,7
AAGCGTCCCTCATCGA-1,6
AAGCTAGATCGAGTAA-1,1
AAGCTCGTGCCAAGTC-1,2
AAGCTCTTTCATGGTG-1,1
AAGGAGCGGTTGGTGC-1,4
AAGGATCGATCGCTTG-1,6
AAGGATGAGGGACCTC-1,0
AAGGCGCGTAAAGCTT-1,12
AAGGCTGTGCTCATCG-1,4
AAGGGAACGACTGGCT-1,16
AAGGGACAGATTCTGT-1,3
AAGGGACTATGCATTC-1,8
AAGGGTTTGATTTCAG-1,8
AAGGTATCCTAATATA-1,3
AAGGTGATAAACCAGC-1,2
AAGTAGTGACGCGAGG-1,5
AAGTCAATTGTCGTCA-1,6
AAGTCTTCTGTGGCCT-1,8
AAGTGACGACCGAATT-1,4
AAGTGAGTCGGGTTTA-1,10
AAGTGCCTTGACTGTA-1,9
AAGTGCGTTAGAATCT-1,8
AAGTGTTTGGAGACGG-1,1
AAGTTCACTCCAAGCT-1,1
AAGTTCAGTCTGCGTA-1,4
AAGTTCGGCCAACAGG-1,4
AAGTTGTGATGTTATA-1,7
AAGTTTATGGGCCCAA-1,14
AATAACAACGCTCGGC-1,4
AATAACACTAGAACAA-1,10
AATACCTGATGTGAAC-1,10
AATAGAACAGAGTGGC-1,10
AATAGAATCTGTTTCA-1,2
AATAGCTACCGCGTGC-1,3
AATAGTCCGTCCCGAC-1,0
AATATCCTAGCAAACT-1,11
AATATCGAATCAATGC-1,9
AATATCGAGGGTTCTC-1,0
AATATTGGAGTATTGA-1,10
AATCATGTAAAGACTC-1,9
AATCGCCTCAGCGCCA-1,2
AATCGCGCAGAGGACT-1,9
AATCGGTATAGCCCTC-1,7
AATCGTGAGCCGAGCA-1,7
AATCTAGGTTTACTTG-1,11
AATCTATGCCGGAGCC-1,6
AATCTCTACTGTGGTT-1,8
AATCTGCGTTGGGACG-1,2
AATCTGGCTTTCTAGT-1,11
AATGACAGCAATGTCT-1,8
AATGACGTAGGATGTC-1,1
AATGACTGTCAGCCGG-1,5
AATGATGATACGCTAT-1,3
AATGATGCGACTCCTG-1,0
AATGCAACCGGGTACC-1,4
AATGCACCAAGCAATG-1,4
AATGTGCCCGAGGTGT-1,11
AATGTTGTCGTGAGAC-1,7
AATTAAAGGTCGGCGT-1,0
AATTAACGGATTTCCA-1,1
AATTACGAGACCCATC-1,8
AATTAGCGCTGCAGCG-1,2
AATTCATAAGGGATCT-1,3
AATTCATTGTCATGCA-1,16
AATTCCAAGCATGTAC-1,10
AATTCGATTCGAGGAT-1,7
AATTCTAGAGTTAGGC-1,1
AATTGAACGCTCTGGT-1,2
AATTGCAGCAATCGAC-1,7
AATTTGGGACATAGTA-1,5
ACAAACCATGCGTCCT-1,16
ACAAAGAAGGTAGGCC-1,11
ACAAAGCATGACCTAG-1,7
ACAAATCGCACCGAAT-1,1
ACAAATGGTAGTGTTT-1,2
ACAACAGCATGAGCTA-1,0
ACAAGCAGTGCCTAGC-1,10
ACAAGGAAATCCGCCC-1,1
ACAAGGACAAGAGGTT-1,5
ACAAGGATGCTTTAGG-1,1
ACAAGGGCAGGCTCTG-1,1
ACAATAGTCGTACGTT-1,8
ACAATCCATTTAAACC-1,4
ACAATGAATACGGAGA-1,10
ACAATTGTGTCTCTTT-1,9
ACAATTTGAGCAGTGG-1,3
ACACAAAGACGGGTGG-1,4
ACACACCAGGACCAGT-1,1
ACACATGATCAAATCT-1,8
ACACCCAGCATGCAGC-1,5
ACACCTTAAGTAGGGC-1,5
ACACCTTACTACTTGC-1,9
ACACGAGACTCCTTCT-1,3
ACACGGGAACTTAGGG-1,3
ACACGTAGGCCACAAG-1,9
ACACTGATCAAGGTGT-1,10
ACAGAACTGAGAACAA-1,11
ACAGCGACATTCTCAT-1,9
ACAGGCACGGATCCTT-1,13
ACAGGCTTGCCCGACT-1,1
ACAGGTGGAGGTGAGG-1,10
ACAGTAATACAACTTG-1,11
ACATAAGTCGTGGTGA-1,8
ACATAATAAGGCGGTG-1,5
ACATCCCGGCCATACG-1,0
ACATCCTGGTAACTGT-1,6
ACATCGATCGTTTACC-1,2
ACATCGGTCAGCCGCG-1,4
ACATCGTATGCAATGG-1,1
ACATGGCGCCAAAGTA-1,6
ACATTAGTTTATATCC-1,1
ACATTTGAAACCTAAC-1,13
ACCAAACACCCAGCGA-1,3
ACCAACACCACACACT-1,3
ACCAACCGCACTCCAC-1,7
ACCAACGCTTATTTAT-1,10
ACCAAGTCATCGGCAG-1,7
ACCAATATGCAAGTTA-1,1
ACCACAAGTTTCTATC-1,3
ACCACCAATGTAACAA-1,6
ACCACGTGCAGCTATA-1,1
ACCAGACCATAACAAC-1,12
ACCAGTGCGGGAGACG-1,2
ACCATATCCGCAATAA-1,0
ACCATCCGCCAACTAG-1,11
ACCATCGTATATGGTA-1,3
ACCCAACGCCCGTGGC-1,0
ACCCATCTTGAGGGTA-1,3
ACCCATTTGTCCCTCT-1,7
ACCCGGAAACTCCCAG-1,1
ACCCGGATGACGCATC-1,2
ACCCGGTTACACTTCC-1,0
ACCCGTGTCATCAGTA-1,10
ACCCTATGCCATATCG-1,15
ACCCTCCCGTCAGGGC-1,7
ACCCTCCCTTGCTATT-1,1
ACCCTGGTAACGCCCT-1,3
ACCGAAGAGTCTGGTT-1,8
ACCGACACATCTCCCA-1,13
ACCGACTGAGTCCCAC-1,3
ACCGAGTCTCCTTATT-1,14
ACCGATGGTAGCATCG-1,2
ACCGCAATAACTGCCT-1,1
ACCGCGGTGGAAGTCG-1,9
ACCGGGCCTTTGTTGA-1,9
ACCGGTCAGGTACACC-1,8
ACCGTCCACTGGGCCC-1,16
ACCTAAGTACCTTTCA-1,10
ACCTAATCGACTTCCT-1,5
ACCTACAGTATGTGGT-1,9
ACCTACTATAAATCTA-1,12
ACCTCCGCCCTCGCTG-1,9
ACCTCCGTTATTCACC-1,6
ACCTGCGTGTCATGTT-1,8
ACGAAATGGGCGGCAC-1,12
ACGACTCTAGGGCCGA-1,13
ACGAGGATACCACTCT-1,11
ACGAGGTTTACAACGT-1,8
ACGAGTACGGATGCCC-1,6
ACGATACATAGAACTA-1,4
ACGATCATACATAGAG-1,4
ACGATCATCTTGTAAA-1,6
ACGATGCATATGTTAT-1,3
ACGCAAACTAATAGAT-1,6
ACGCAATCACTACAGC-1,6
ACGCATACGTTTACTA-1,9
ACGCATTCGTGAGTAC-1,0
ACGCCAGATGATTTCT-1,5
ACGCCAGTGCGTTTGC-1,13
ACGCCGCTAGACGACC-1,2
ACGCGAAGTCAGACGA-1,0
ACGCGCTACACAGGGT-1,4
ACGCGGGCCAAGGACA-1,0
ACGCTAGTGATACACT-1,6
ACGCTGTGAGGCGTAG-1,8
ACGGAACACGAGTGCC-1,13
ACGGACTCTCAAAGCG-1,1
ACGGAGCGCAAATTAC-1,3
ACGGATGGTGCGGATA-1,2
ACGGCACTTGCTTGGG-1,0
ACGGCCAACATGGACT-1,0
ACGGCGACGATGGGAA-1,2
ACGGCTGGATGTAGAA-1,16
ACGGGAGTGTCGGCCC-1,8
ACGGTACAGTTCAATG-1,13
ACGTAGATTGCTGATG-1,0
ACGTAGGAGAGTCGCT-1,14
ACGTATTACTCCGATC-1,2
ACGTCTCGTTCCGGGA-1,11
ACGTGACAAAGTAAGT-1,11
ACGTGCGCCTCGTGCA-1,12
ACGTTAATGTCGAAGA-1,2
ACGTTAGATTTGCCCG-1,4
ACGTTCGCAATCAATT-1,0
ACGTTCGTTCAGGAAA-1,10
ACGTTCTGTACAAGTC-1,7
ACTACATCCCGACAAG-1,16
ACTACCAGCTCTCTGG-1,5
ACTACGCGTTAGAATT-1,15
ACTAGTTGCGATCGTC-1,9
ACTATATGCTGTGTTC-1,5
ACTATCCAGGGCATGG-1,6
ACTATCTGCCCGCGTA-1,6
ACTATTTCCGGGCCCA-1,6
ACTCAAGTGCAAGGCT-1,1
ACTCAATAAAGGCACG-1,3
ACTCCCATTCCTAAAG-1,8
ACTCCCGAATTCGTTT-1,6
ACTCCCTAATGCTAAA-1,1
ACTCCCTAGAATAGTA-1,1
ACTCCGGCCGACCACT-1,13
ACTCGCCGTTCGATAA-1,7
ACTCGTAACCCGTCCT-1,8
ACTCGTCAGTAATCCC-1,2
ACTCTCTGACTTAGGT-1,1
ACTCTGACCTAATAGA-1,7
ACTCTTGTATAGTAAC-1,2
ACTGAAACGCCGTTAG-1,2
ACTGAATGGCGAAAGT-1,2
ACTGCCGTCGTAACTC-1,12
ACTGCTCGGAAGGATG-1,11
ACTGTACGATACACAT-1,0
ACTGTAGCACTTTGGA-1,5
ACTGTCCAGGATTATA-1,0
ACTGTCTTCTTTAGAA-1,3
ACTTACGCATCCACGC-1,1
ACTTATACTTACCCGG-1,2
ACTTATTAGGATCGGT-1,3
ACTTATTTATGTGCCA-1,2
ACTTCAGGCTGATCCC-1,1
ACTTCCAGTGGAAGCT-1,10
ACTTCCATGCGGGACA-1,1
ACTTCGCCATACGCAC-1,3
ACTTGACTCCCTCTTT-1,1
ACTTGGGACCCGGTGG-1,4
ACTTGTAGTCCCTTCA-1,11
ACTTGTGGATGGAACG-1,9
ACTTTACCCTCATGAA-1,6
ACTTTCCTATAGCTTC-1,3
ACTTTGACTGCATCCT-1,8
ACTTTGGTCGTGCTCC-1,8
AGAACCCTCAATTGGG-1,8
AGAACGTGGTACATTC-1,3
AGAAGAGCGCCGTTCC-1,13
AGAAGGTACACTTCAC-1,11
AGAAGGTTGCCGAATT-1,3
AGAAGGTTGTAGGTCG-1,1
AGAAGTGATTCGTGAT-1,10
AGAATGCGGGTTCGGA-1,5
AGAATTATGGATTCGA-1,2
AGACCAAACCACACCT-1,11
AGACCCACCGCTGATC-1,1
AGACCCGCCCTCCTCG-1,4
AGACCGCTCCGCGGTT-1,6
AGACCGGGAAACCCTG-1,8
AGACGAAGTGCCGGTC-1,9
AGACGACGATGCCGCT-1,10
AGACTAGCCTTCCAGA-1,4
AGAGAACCGTCTAGGA-1,0
AGAGAAGGAGTACAAT-1,6
AGAGATCTCTAAAGCG-1,8
AGAGCCGCCGAGATTT-1,9
AGAGGCTTCGGAAACC-1,9
AGAGTAAACTTCACTA-1,9
AGATAACTTCAGGGCC-1,3
AGATACCAATAGAACC-1,7
AGATACCGGTGTTCAC-1,3
AGATACTCAAGATCGA-1,2
AGATATAATACGACTA-1,7
AGATCGTGCATAAGAT-1,3
AGATCTCAGGTGTGAT-1,0
AGATGACTCGCCCACG-1,5
AGATGAGGGTTGCGAT-1,5
AGATGATGGAGTCTGG-1,6
AGATGCAAGACGTGCA-1,8
AGATGCATCCTGTGTC-1,11
AGATTATAGGACGTTT-1,0
AGATTCACAACCGATA-1,11
AGCAAAGGCCGCTAGT-1,1
AGCAACATATCTTATT-1,2
AGCAACCGAAAGTAAT-1,8
AGCACCAGTACTCACG-1,3
AGCACTACCTCACCAG-1,2
AGCACTTAAGGACGCC-1,5
AGCAGAAGGAGAAAGA-1,13
AGCAGCCAGATGAATA-1,0
AGCATATCAATATGCT-1,9
AGCATCATTTCGAAAG-1,11
AGCATCGTCGATAATT-1,5
AGCATTACGAGGCAAG-1,7
AGCCAAGCTTTGTGTC-1,15
AGCCACAGGTTACCCG-1,7
AGCCACTCCCGTGCTT-1,3
AGCCCATACATGTAAG-1,4
AGCCCGCACTACAATG-1,13
AGCCCGGTAGCCTGTA-1,10
AGCCCTTCTAATCCGA-1,4
AGCCGTGGCTAAATGT-1,11
AGCCTAATACCCACGT-1,11
AGCGACAGGAACGGTC-1,10
AGCGACCAACGATATT-1,4
AGCGATGCGCCTAATA-1,7
AGCGCATAATGAATCG-1,0
AGCGCGGGTGCCAATG-1,3
AGCGGACACTTCGTAG-1,7
AGCGGCGGTTAGCGGT-1,11
AGCGGGTCTGACACTC-1,15
AGCGTGGTATTCTACT-1,1
AGCTAAGTACGCAGGC-1,1
AGCTAGAAGCAGAAGT-1,3
AGCTATTTAATCCAAC-1,12
AGCTCCATATATGTTC-1,9
AGCTCCTTCGCACATC-1,2
AGCTCTAGACGTTCCA-1,2
AGCTCTTCCCAGTGCA-1,4
AGCTCTTCGTAACCTT-1,6
AGCTCTTTACTCAGTT-1,3
AGCTGAAGTAAACCAA-1,4
AGCTGTAACCTCAATC-1,11
AGCTTCTTCTCGAGCA-1,7
AGCTTGATCTTAACTT-1,10
AGGAAGCTGTCCGCCG-1,0
AGGACAGTCGAATCCC-1,2
AGGACGACCCATTAGA-1,3
AGGACGCTCGATGTTG-1,4
AGGAGGCCTTCGCGCG-1,9
AGGATAAAGTCGGGAT-1,1
AGGATATAGGGATTTA-1,2
AGGATATCCGACTGCA-1,13
AGGATCACGCGATCTG-1,11
AGGCAGATGCGTAAAC-1,0
AGGCAGGGAGCGTACT-1,15
AGGCATTGTCGTAGGG-1,9
AGGCCACCCGTTATGA-1,5
AGGCCCTAGAACGCCA-1,12
AGGCCTGAGAATCTCG-1,7
AGGCGGTTTGTCCCGC-1,8
AGGCGTCTATGGACGG-1,4
AGGCTTCCCGAAGAAG-1,4
AGGGAAACGAGGTACT-1,12
AGGGACCGGCTGCGTT-1,6
AGGGACTCTACGCGAC-1,0
AGGGAGACATACTTCG-1,0
AGGGCGAGCAGCTGAT-1,8
AGGGCTGCAGTTACAG-1,0
AGGGTCAGTAACCCTA-1,5
AGGGTCGATGCGAACT-1,2
AGGGTGCTCTCGAGGG-1,2
AGGGTTCCCTTTGGTT-1,0
AGGGTTTAGTTCGGGA-1,0
AGGTAGGTACAAAGCT-1,4
AGGTATAATTGATAGT-1,6
AGGTCAGGTGAGAGTG-1,8
AGGTCGCGGAGTTACT-1,0
AGGTGCACGTCCACAT-1,7
AGGTGGTGACCTTCGC-1,10
AGGTTACACCATGCCG-1,9
AGGTTGAGGCACGCTT-1,4
AGGTTTCACACACCTT-1,2
AGTAACTATAGCAGCC-1,7
AGTACAGAAGCTTATA-1,14
AGTACATCATTTATCA-1,0
AGTACGGGCACCTGGC-1,3
AGTACTCTTATGCCCA-1,1
AGTAGGAAGGAAGTTG-1,4
AGTATGCTGGAGACCA-1,8
AGTATTTGGCACGACC-1,15
AGTCAACACCACCATC-1,3
AGTCAAGATGACACTT-1,1
AGTCACTAGCTCTCGA-1,9
AGTCCATTGGCTGATG-1,6
AGTCCCGCCTTTAATT-1,4
AGTCGACGGTCTCAAG-1,2
AGTCGGCCCAAACGAC-1,5
AGTCGGCTCAACTTTA-1,8
AGTCGGTTGCGTGAGA-1,9
AGTCGTATAAAGCAGA-1,14
AGTCGTCGACCACCAA-1,2
AGTCGTGGGCATTACG-1,10
AGTCTAAAGTATACTC-1,0
AGTCTCACAAGACTAC-1,10
AGTCTTCTCCTCAAAT-1,4
AGTCTTTAAAGTGTCC-1,7
AGTGAACAAACTTCTC-1,6
AGTGACCTACTTTACG-1,0
AGTGAGACTTCCAGTA-1,2
AGTGAGCCTCGCCGCC-1,6
AGTGAGTCGAATTAAC-1,7
AGTGATAACCTGCGCG-1,1
AGTGATATGAGTAGTT-1,0
AGTGATTCAAGCAGGA-1,2
AGTGCACGCTTAAGAA-1,9
AGTGCGTAGCTCGTAA-1,3
AGTGCTAAACACAGCA-1,1
AGTGCTTGCACGAATA-1,2
AGTGGCCCGCAAATGG-1,13
AGTGGCGGCAATTTGA-1,3
AGTGGCGTCTGAAGGT-1,7
AGTGGCTCCGTCGGCC-1,8
AGTGGTGTTACCCGTG-1,11
AGTGTATTGCGCATTG-1,4
AGTTAAACACTTGCGA-1,3
AGTTAAGCGGTCCCGG-1,5
AGTTAAGTCAACCGCT-1,11
AGTTACTCTATCGTGG-1,5
AGTTCCTACAGAATTA-1,3
AGTTCCTATTTATGTT-1,1
AGTTGACGGTCCTTGC-1,15
AGTTGGCAAGGCTAGA-1,7
AGTTTGCACCTGCCTC-1,1
AGTTTGGCACGGGTTG-1,9
AGTTTGGCCAGACCTA-1,4
ATAAACGGACCCGTAA-1,1
ATAAACGTTGCACCAC-1,9
ATAAAGGCTCGGTCGT-1,0
ATAAATATTAGCAGCT-1,4
ATAACGCCGGAGGGTC-1,2
ATAACGGAGTCCAACG-1,3
ATAACGTTACCTCCAC-1,12
ATAAGGTGGAGAACAT-1,2
ATAAGTAGGATTCAGA-1,6
ATAAGTAGGGCGACTC-1,0
ATAAGTTACCGCGACG-1,0
ATAATAGCTGTTGAAT-1,1
ATAATCTTGGAGAACC-1,1
ATAATTAGCTAAGTAG-1,13
ATACAGGCCCTCCAAT-1,1
ATACCACGGGCAACTT-1,5
ATACCGTCATCCATAA-1,5
ATACCTAACCAAGAAA-1,1
ATACGCCGGCGAAACC-1,2
ATACGGAACGTCGTTT-1,8
ATACGGGTTTCGATTG-1,4
ATACGTACTTAGCCAC-1,1
ATACGTCCACTCCTGT-1,2
ATACGTTATGCACGGA-1,13
ATACTACCCGTACCAC-1,9
ATACTAGCATGACCCT-1,5
ATACTGCCTTACACCG-1,1
ATAGACAACGGGACCT-1,0
ATAGACGAAGAGAAAG-1,3
ATAGAGTACTGGGACA-1,5
ATAGAGTTATCAACTT-1,0
ATAGCAACTAGGGAAG-1,7
ATAGCCATAACAGTCA-1,13
ATAGGCGGCTATAGAA-1,4
ATAGGCTAGCTTCGCA-1,3
ATAGGGATATCCTTGA-1,4
ATAGGTTGGGCAGATG-1,3
ATAGTGAAGCGTTCTC-1,0
ATAGTTCCACCCACTC-1,2
ATATAAAGCGCTCGTG-1,1
ATATAAATGTAGCTGC-1,1
ATATAACACGGGCGCA-1,7
ATATACATGTATGGTA-1,11
ATATACGCTCGTGACG-1,7
ATATAGAGTATTGGTC-1,16
ATATCAACCTACAGAG-1,6
ATATCAATTCCAGCCT-1,10
ATATCGGTAGGGAGAT-1,6
ATATCGTTCCTCGAAC-1,2
ATATCTCCCTCGTTAA-1,4
ATATCTTAGGGCCTTC-1,0
ATATGTCTCCCTAGCC-1,2
ATATTCAGTTAAACCT-1,3
ATATTCCACATAGTGA-1,1
ATATTTAACCCTCAAG-1,3
ATCAAACACTGTTCCA-1,9
ATCAAACGAAGGTTTG-1,10
ATCAATCTGGGCTGCA-1,3
ATCAATGCCGTGGCTG-1,8
ATCACATTAGAATATC-1,4
ATCACGTGCTAATTAA-1,4
ATCACTTCATCCTCGC-1,5
ATCAGACGGCACGCCG-1,3
ATCAGCCTCATGCTGC-1,1
ATCAGCTCGTCCACTA-1,11
ATCAGTAGGCAGGGAT-1,3
ATCATAGCCCTATGTA-1,7
ATCATCCAATATTTGT-1,0
ATCATTGTACCGCATT-1,16
ATCCAACGCAGTCATA-1,12
ATCCAATGGAGGGTCC-1,5
ATCCACATCGACAGAA-1,14
ATCCAGAGCAACAACC-1,4
ATCCAGGATTCGTGAA-1,0
ATCCCATCCACAGCGC-1,16
ATCCTACCTAAGCTCT-1,3
ATCCTGAATCGCTGCG-1,5
ATCCTGCGTGGAATGG-1,0
ATCGACCCAATACAGA-1,1
ATCGACTCTTTCCGTT-1,4
ATCGCACGCCGGGAGA-1,4
ATCGCCAGTCAACATT-1,9
ATCGCTGCGTGCAGCA-1,0
ATCGGAGACAGACGGC-1,1
ATCGGCAAGCAGTCCA-1,3
ATCGTTAGCTAGCGGA-1,9
ATCTAATATCCTACGG-1,1
ATCTACCATCTGCTCC-1,13
ATCTAGCTTGTGAGGG-1,14
ATCTCCCACGGAATAT-1,7
ATCTCCCTGCAATCTA-1,12
ATCTGCACCTCTGCGA-1,6
ATCTGCTGTTATCGCC-1,6
ATCTGGGCTGTTCTTG-1,14
ATCTGGTTAAGACTGT-1,3
ATCTTATCGCACACCC-1,7
ATCTTGACCTGCAACG-1,5
ATCTTGACTTGTCCAA-1,0
ATGAAGCCAAGGAGCC-1,12
ATGACGCGTTCTATCC-1,10
ATGACTATGCGACATT-1,1
ATGAGGAGTGTTAATC-1,12
ATGATGCAATGGTACA-1,0
ATGCACGCGCTGTTCA-1,8
ATGCACTACCGCATTG-1,5
ATGCATGATCCAGGAT-1,4
ATGCCAATCGCTCTGC-1,4
ATGCCATTTGCGACCA-1,2
ATGCCGGTCTTGCATA-1,0
ATGCCGGTTGATGGGA-1,4
ATGCGACAATTGGTCC-1,5
ATGCGACAGTCCCATT-1,6
ATGCGAGTCCCACCAC-1,9
ATGCTCTGGCGCGGTA-1,1
ATGCTTAGGAGTTGAT-1,9
ATGGAAATTTAAGGAG-1,11
ATGGAGCAGGCCGTGA-1,6
ATGGATCCGGCGTCCG-1,5
ATGGATTGACCAAACG-1,3
ATGGCAGCATTACGAT-1,12
ATGGGCCTCGGCCTCT-1,1
ATGGTCGCGTGGTTTC-1,2
ATGTAAGGCTGCTCTT-1,0
ATGTACATGCGGTGAG-1,7
ATGTACGATGACGTCG-1,15
ATGTAGCGCGCGTAGG-1,14
ATGTGAAAGCCTAATG-1,8
ATGTGCATCCGACGCA-1,4
ATGTGGACATCTTGAT-1,1
ATGTTGATTAGAGACT-1,7
ATTAAACATGCGGACC-1,1
ATTAATACTACGCGGG-1,4
ATTAATGAACCAGTCG-1,3
ATTACATGTCAGTCTT-1,9
ATTACGCGCTGGCAGG-1,4
ATTACTTACTGGGCAT-1,3
ATTAGATTCCTCAGCA-1,0
ATTAGGCGATGCTTTC-1,2
ATTATACTTTGCTCGT-1,5
ATTATAGCTACTTTAC-1,0
ATTATGCCATAGGGAG-1,5
ATTATTATGTCCGTCA-1,6
ATTATTCAGAGTCACT-1,7
ATTCAACCATTTAAGG-1,9
ATTCACTGATGTTGGA-1,1
ATTCAGGACCTATTTC-1,0
ATTCATATACTGTCCA-1,1
ATTCATCGTTGAGGCA-1,2
ATTCCCGAAGGTACAG-1,8
ATTCCTAAGACGTGGA-1,5
ATTCGACGCCGGGCCT-1,5
ATTCGCGCCTTGAGAG-1,7
ATTCGTGCTATCTCTT-1,9
ATTGAAGATCTTAGTG-1,3
ATTGACCGGCGATGAC-1,3
ATTGATCACCACATTT-1,11
ATTGATGAGTCCTAAC-1,2
ATTGCCTTTATGTTTG-1,1
ATTGCGATCAGTAACT-1,9
ATTGCTGCTCCTCCAT-1,3
ATTGGATTACAGCGTA-1,9
ATTGGTTGTGCATTAC-1,13
ATTGTACAACTCGGCT-1,6
ATTGTCGCAATACCTT-1,5
ATTGTGACTTCGCTGC-1,5
ATTTACAGTTTACTGG-1,5
ATTTACTAAGTCCATT-1,0
ATTTCCGGGTTCTGCG-1,10
ATTTGCGCGAGTAGCT-1,10
ATTTGGAGATTGCGGT-1,8
ATTTGTCTTGGGAGCT-1,2
ATTTGTTCCAGGGCTC-1,5
CAAACCCTCCGGCGGG-1,14
CAAACGAGTATCGCAG-1,3
CAAACGGTCGCACTTT-1,4
CAAACTCGCGACGCCG-1,9
CAAAGATTATTGGGCC-1,10
CAAATCTCTCACAAGG-1,12
CAAATGTCCTTCCGTG-1,0
CAACCTACCGAGCAGT-1,7
CAACGACCCGTTTACA-1,12
CAACGTGGTGGAGTCT-1,6
CAACTATATCGAATGC-1,12
CAACTGCTCATCCGAT-1,10
CAAGAGGGCGGAGTAC-1,2
CAAGATATTATAACGT-1,1
CAAGCAACGTCGGAGT-1,4
CAAGCACCAAATGCCT-1,5
CAAGCGGCACATAATT-1,1
CAAGGATCGCATGTTC-1,1
CAAGGCCAGTGGTGCA-1,7
CAAGGTCCTATAGGCT-1,6
CAAGTGTGGTTGCAAA-1,2
CAATAAACCTTGGCCC-1,3
CAATACGCTCTGAGGC-1,8
CAATATTCTTGACCTA-1,10
CAATCCCTATACCAGC-1,12
CAATGCGAGAAGTATC-1,1
CAATGGATCTCTACCA-1,0
CAATGTGCCAACCCTT-1,9
CAATTAAGGGTGATGA-1,3
CAATTGGGCCGCACTC-1,10
CAATTTCGTATAAGGG-1,0
CACAAGAAAGATATTA-1,5
CACAATGAGCTGCTAT-1,0
CACACACGCTAACGAG-1,9
CACACGCGCTGTCTTA-1,2
CACAGCACCCACGGCA-1,3
CACAGCTAGGGAGTGA-1,5
CACAGGGCCATATAGT-1,9
CACAGGGCCGTTGTCA-1,15
CACAGTCCCGCTTCGC-1,7
CACAGTTCGCTTCCCA-1,6
CACATATTAGCAGGAT-1,1
CACATCTCACCGACGA-1,1
CACATGATTCAGCAAC-1,0
CACATTCTTTCGATGG-1,4
CACATTTCTTGTCAGA-1,9
CACCAATCATCCGTCT-1,8
CACCACGCCACACAGA-1,8
CACCAGTCAGCATGCA-1,8
CACCATGATCGCAAAG-1,5
CACCCAAATCTTATGT-1,6
CACCCACGAGGCAATT-1,4
CACCCGGTTTGTGACT-1,10
CACCCTAACAAGATCT-1,1
CACCCTTGGTGAGACC-1,11
CACCGCCAGAAGGTTT-1,3
CACCGCGTCCACTCTA-1,4
CACCGGGCATCACAAG-1,13
CACCGTATCCCATCCG-1,9
CACCGTTAGGGATCAC-1,10
CACCGTTGCGCGATAT-1,10
CACCTAATCAGTTTAC-1,5
CACCTCGATGGTGGAC-1,5
CACCTTGCGAAACTCG-1,3
CACCTTGGCGCCTTTG-1,6
CACGAAAGTTAGTCCC-1,5
CACGCACAGCGCAGCT-1,3
CACGCAGCGAGGCTTT-1,4
CACGCGGAACTGTTGC-1,2
CACGGCGCGCCAAAGG-1,5
CACGTCGGCAACCTCT-1,5
CACGTTCGTGCTCTAG-1,1
CACGTTTCGTACACAC-1,2
CACTAAAGTTGCCTAT-1,3
CACTACGGGAGCTGCC-1,7
CACTCAAGAGCTATGG-1,0
CACTCCTATGTAAGAT-1,6
CACTCCTCTCGGTCGG-1,5
CACTCGAGCTGAACAA-1,2
CACTCTTCTGCTAGCC-1,9
CACTGACGATTGTGGA-1,12
CACTTAATCAGACGGA-1,3
CAGAACTTAGCCCTCT-1,2
CAGAATAACACACGGA-1,6
CAGACACCGATCGCTG-1,15
CAGACCTGTAAGTGTT-1,6
CAGACGAACCTGATAC-1,15
CAGAGACGGTCACCCA-1,0
CAGAGCATGAGCTTGC-1,3
CAGAGGCGATGCATGA-1,15
CAGATAATGGGCGGGT-1,7
CAGATACTAACATAGT-1,5
CAGATCATTTAAAGTC-1,3
CAGATCCTGGTTTGAA-1,8
CAGATGTTTGTCCCAA-1,11
CAGCAGCCCGTTCCTT-1,3
CAGCAGTCCAGACTAT-1,9
CAGCAGTCTGTGCTGC-1,1
CAGCCTCCTGCAGAGG-1,4
CAGCCTCTCCTCAAGA-1,5
CAGCGATTCCCTTCAA-1,10
CAGCTCACTGAGACAT-1,0
CAGCTCGACAAGTTAA-1,0
CAGCTGGCGTAACCGT-1,8
CAGCTTAGTAGGTAGC-1,5
CAGGATATATCGTTGT-1,1
CAGGCAGTCTTACCAG-1,7
CAGGCCGTTTGGGTGT-1,3
CAGGCGCACGGTGGTC-1,10
CAGGCGCCATGCTAGG-1,1
CAGTAACTATTTATTG-1,4
CAGTAAGGGACGTCTC-1,16
CAGTACATTCTCTAAA-1,3
CAGTACCAGTTTACGT-1,11
CAGTAGCCCACGCGGT-1,3
CAGTCGAGGATGCAAT-1,0
CAGTCGGCCTAGATAT-1,11
CAGTCTGTATACTGGG-1,1
CAGTGAATAAATGACT-1,3
CAGTGTCGGCTGGCCC-1,2
CAGTTCAAATTGACAC-1,4
CATAACGGACAGTCGT-1,2
CATAAGAAGCTTGGCT-1,1
CATAAGCTCTCCGTCT-1,11
CATACACAAAGTCAGC-1,10
CATACACGGTTCCCAC-1,15
CATACCCGTACCCAGT-1,4
CATACGGCGTCTGGGC-1,2
CATACTATGTAATTGT-1,3
CATACTTAGGCAATAC-1,6
CATAGAGGAGATACTA-1,13
CATAGCGTTGCCCACC-1,15
CATAGTACATTGAGAG-1,12
CATAGTCAAATACATA-1,7
CATAGTCCACAAGAAC-1,4
CATATACTACTGATAA-1,4
CATATAGGTACAGTCA-1,0
CATATGTCAGGCTACG-1,8
CATCATTACCCTGAGG-1,9
CATCCTCTCAAAGATC-1,2
CATCGGACGGGTTAAT-1,0
CATCTATCCCGTGTCT-1,5
CATCTTACACCACCTC-1,2
CATGACTTCGCTGAAT-1,6
CATGAGATGCACTCTC-1,1
CATGATGCACAATTCT-1,5
CATGATGGAAGTTAGC-1,6
CATGCCAACTCGCAAA-1,8
CATGCGACCAGTTTAA-1,0
CATGGATTGTCTTCCG-1,9
CATGGGTATGCCTTAT-1,1
CATGGGTCGGGTGTGG-1,4
CATGGTAAGTAGCGTT-1,1
CATGGTATTAGTTTGT-1,8
CATGGTCTAGATACCG-1,3
CATGGTTTATTAATCA-1,7
CATGTAAGAGACATTT-1,2
CATGTAGGAGCGCCAA-1,5
CATGTCTCATTTATGG-1,2
CATTACGCAGGAAGGG-1,13
CATTACGTCGGCCCGT-1,5
CATTATGCTTGTTGTG-1,4
CATTGCGGGTCAATTC-1,0
CATTTAGCGGACCATG-1,4
CATTTGAGTGGTACGT-1,4
CCAAACAGAACCCTCG-1,5
CCAAATAACAAGATTC-1,9
CCAACGATGCACTGAT-1,4
CCAAGAAAGTGGGCGA-1,4
CCAAGACTTCTGCGAA-1,5
CCAAGCGTAACTCGTA-1,0
CCAAGGTTGCCCTTTC-1,7
CCAATAGTGCCGTCGA-1,4
CCAATCGGTAGATCGA-1,12
CCAATGTCACAGCAAG-1,3
CCAATTACGGGTCGAG-1,4
CCACAATGTACGTCTT-1,0
CCACACTGAGATATTA-1,3
CCACAGTACCCATCCT-1,2
CCACATGGCTCTTTAT-1,8
CCACCAACTTTACTGT-1,10
CCACCCAAGGAAAGTG-1,2
CCACGAATTTAACCTC-1,9
CCACGAGAAGAGAATC-1,5
CCACGGAGCCATAAGA-1,10
CCACGGTGCCCGGTAG-1,6
CCACTCAGATCCGCAA-1,14
CCACTGGTGGCTGGTT-1,10
CCACTGTTTGGATTAA-1,9
CCAGAAAGCAACTCAT-1,10
CCAGATAGTTGAGTGA-1,3
CCAGCCTGGACCAATA-1,0
CCAGCTCGAACGCATT-1,13
CCAGCTGATGGTACTT-1,10
CCAGGGACGTGGCCTC-1,4
CCAGTAGTCTGATCCA-1,0
CCAGTCAAATCTCTTA-1,11
CCAGTCTAGACGGCGC-1,3
CCAGTCTTGTCATAGA-1,0
CCAGTTCGGTAACTCA-1,12
CCATAACCTGTGCAGT-1,11
CCATACCTTTACTTGT-1,6
CCATAGAGGCTGCCAG-1,8
CCATAGGTTGGCGTGG-1,12
CCATATGGAAACTATA-1,9
CCATCGCAGTTAAACT-1,1
CCATCTCACCAGTGAA-1,6
CCATGCCCTAGATTTC-1,9
CCATGCCTGTTTAGTA-1,3
CCATTAGCGATAATCC-1,4
CCATTCCCTGCCCACA-1,4
CCATTTCTACCTATTA-1,1
CCCAAACATGCTGCTC-1,2
CCCAACATACGTCGCG-1,4
CCCAAGTCATTACACT-1,7
CCCAATTTCACAACTT-1,4
CCCACTCCACGGTATC-1,11
CCCAGAGGAGGGCGTA-1,3
CCCAGGTCTGAAGGCT-1,6
CCCAGTAAACTTGGGA-1,11
CCCAGTTAAGGCGCCG-1,2
CCCGAAGTTTCGCGAA-1,11
CCCGACCATAGTCCGC-1,5
CCCGAGTTTCTCCGTA-1,9
CCCGCAGCGCGAACTA-1,1
CCCGGGTCGTTCAGGG-1,10
CCCGGTGTATCGGAAT-1,11
CCCGTAAGTCTAGGCC-1,4
CCCGTAGCTGGGAAGA-1,10
CCCGTCAGCGTCTGAC-1,5
CCCGTGAGGGCGGTGA-1,11
CCCGTTTCGCAGATGT-1,9
CCCTACTTGAACAATG-1,14
CCCTAGGCAACAAGAG-1,11
CCCTATGTAGAGCAGA-1,8
CCCTCCTCGCTCGTAT-1,6
CCCTGAAATGAGTTGA-1,4
CCCTGCCCAATCCGCT-1,8
CCCTGCGCTACGCATA-1,5
CCCTGGCTGTTCCTTC-1,11
CCCTTTAATGGAGTTC-1,7
CCCTTTGACAGGTCTT-1,0
CCGAACACTGGGCCTC-1,8
CCGAACCTTCCCGGCC-1,1
CCGAAGCATTGACCAA-1,8
CCGACAATAGGCCGCC-1,9
CCGACGGGCATGAGGT-1,11
CCGACGTAAACACAAC-1,5
CCGAGAAGTCGCATAA-1,9
CCGAGCTGTGCTTGTC-1,3
CCGATCTCAACCTTAT-1,6
CCGATTCGAGGGACCC-1,12
CCGCACAAAGACCAAC-1,2
CCGCACTTGCAATGAC-1,7
CCGCATGTGGTACGAT-1,1
CCGCCGGAACTTCTCG-1,8
CCGCCTGCGAATTGGT-1,5
CCGCCTTGCGATGTCG-1,11
CCGCGATTTGGTAGGT-1,8
CCGCGCAAGATACCCA-1,16
CCGCGGAATGCGTCAC-1,10
CCGCGGGTACGAAGAA-1,12
CCGCTATCAGCACCAG-1,1
CCGCTCCAGGGCGATC-1,14
CCGCTCTTCCGAACTA-1,7
CCGCTTACCTCACTCT-1,4
CCGCTTGCTGACATGG-1,0
CCGGAGCGTACTTTCT-1,0
CCGGCACGACCGTTTC-1,6
CCGGCCGCGAGCATAT-1,8
CCGGCGTGAGACTCTG-1,11
CCGGGCGGTCTCGTCA-1,0
CCGGGCTGCTCCATAC-1,2
CCGGGTTCGAGGTTAC-1,4
CCGGTAATGGCTAGTC-1,6
CCGGTTTGTAATTGTG-1,15
CCGTAAGTTGGTCCCA-1,6
CCGTAGGAAATCCCTG-1,7
CCGTAGGGTTGTTTAC-1,7
CCGTATCTCGTCGTAG-1,10
CCGTATTAGCGCAGTT-1,4
CCGTGGAACGATCCAA-1,0
CCGTGTTAAATTCCAT-1,4
CCGTTACGTTAGAACA-1,4
CCGTTCCGAATCTCGG-1,10
CCTAAAGGCTGACGCT-1,12
CCTAAATTAACGGTTC-1,2
CCTAAATTGTATCCTA-1,6
CCTAACCCAAACAAGT-1,2
CCTAACTAAGGCTCTA-1,3
CCTACATTCACAGACG-1,10
CCTACTGCTTACACTT-1,4
CCTAGGCGTAGCGATC-1,2
CCTAGGTAAAGGTAGC-1,11
CCTATAATGAGTGCCC-1,1
CCTATACCGTCCTGTC-1,15
CCTATATCGTGTCACG-1,8
CCTATATTTGTCCTGG-1,10
CCTATCTATATCGGAA-1,5
CCTATGAAGTGGTGCC-1,6
CCTATGGCTCCTAGTG-1,16
CCTATGGGTTACCGTC-1,3
CCTATGGTCAAAGCTG-1,14
CCTATGTCCACTCCAC-1,2
CCTCAACGATCGCTGT-1,8
CCTCACCTGAGGGAGC-1,6
CCTCACCTTAGCATCG-1,0
CCTCCGACAATTCAAG-1,4
CCTCCTGAGCCCACAT-1,16
CCTCCTGTTGTGTCGT-1,7
CCTCGCCAGCAAATTA-1,5
CCTCGCGCGATATAGG-1,3
CCTCGCGCTGTGCGAT-1,0
CCTCGGACCGGGATAG-1,2
CCTCTAATCTGCCAAG-1,4
CCTCTATCGATTAGCA-1,10
CCTCTCTCCCATCTAG-1,4
CCTCTGGCCTAGACGG-1,12
CCTCTGTACTATTCTA-1,1
CCTGAACGATATATTC-1,2
CCTGAATATTTACATA-1,4
CCTGACCACCGATGGT-1,1
CCTGCTATTTGAGAAG-1,4
CCTGGAAACGTTCTGC-1,6
CCTGGCTAGACCCGCC-1,4
CCTGGTCGAATGTGGG-1,1
CCTGTAAGACATGATA-1,4
CCTGTACTCACGCCCA-1,5
CCTGTCACCCGGGCTC-1,3
CCTGTCCCTCACGTTA-1,6
CCTGTCGCCCGTAAAT-1,0
CCTGTTTGAAGACACG-1,2
CCTTCAGTTAAAGTGA-1,10
CCTTCGTATAGAATCC-1,14
CCTTCTCAGCGTTCCT-1,11
CCTTCTTGATCCAGTG-1,5
CCTTGACCACTTTATT-1,9
CCTTTAAGGGAGCACT-1,15
CCTTTCAATGAAGAAA-1,3
CCTTTGAATTATGGCT-1,8
CGAAACGCAATTCATG-1,4
CGAACAGTATGGGCGT-1,9
CGAACCCGCATGCGTC-1,3
CGAACGGCCGGACAAC-1,11
CGAAGCTATAAATTCA-1,3
CGAAGTTGCTCTGTGT-1,4
CGAATCTGCTCGACGC-1,16
CGAATGAAGTCATTGC-1,16
CGAATGACGCATAATG-1,15
CGACAATTTGATCTAA-1,2
CGACACGCTCCGACAG-1,1
CGACAGTTCGCGTTAT-1,3
CGACCCTTAACGCCGG-1,11
CGACCTACTAGACAAT-1,11
CGACGCATCCGTACCT-1,11
CGACTCAGGATGTTAT-1,3
CGACTTTGTATAGCCT-1,6
CGAGACCCTAGAGTGT-1,2
CGAGACTACTGCTGCT-1,13
CGAGAGATGTGAACCT-1,3
CGAGAGCGCGTAGATA-1,11
CGAGAGCTTTCACTAC-1,7
CGAGAGGGTAGCCGCG-1,9
CGAGCTGGGCTTTAGG-1,12
CGAGGCTAAATATGGC-1,3
CGAGGGACTGCGGTCG-1,2
CGAGGGTATCCAGGTG-1,15
CGAGTACTAAAGAGGA-1,4
CGAGTGAAGGTACCAG-1,10
CGAGTTCTGTCCCACC-1,3
CGAGTTTATCGGACTG-1,2
CGATACCTCGCGGACA-1,0
CGATAGTCGTACTGCA-1,7
CGATCCGACCCAGTGC-1,3
CGATCTGTTGGAGGAC-1,8
CGATGGACCCTACGCC-1,3
CGATGTTGTTATCTAC-1,8
CGATTAAATATCTCCT-1,1
CGATTCGCCTGGCTGC-1,2
CGCAAACACGAGTTAC-1,5
CGCAATTAGGGTAATA-1,5
CGCACATGTCCACTAC-1,2
CGCACGTGCGCTATCA-1,2
CGCAGATCTTCACCCG-1,0
CGCAGGCGATCCAAAC-1,9
CGCATGCCGAATGCGT-1,7
CGCATGGTGCGATGCT-1,1
CGCATTAGCTAATAGG-1,4
CGCCACAGGTCGCGAT-1,11
CGCCATCCGATTATGA-1,3
CGCCCAGCACGCCTAG-1,15
CGCCCAGCGTTTCACG-1,7
CGCCCGCTTCCGTACA-1,5
CGCCGCCCATGCCTGT-1,2
CGCCGTTCAGCATAGT-1,9
CGCCTCCCTCCTCTAT-1,1
CGCCTGGCCTACGTAA-1,4
CGCGAAGTGGCATACT-1,7
CGCGACCGCGACAGAT-1,1
CGCGAGAGGGACTTGT-1,4
CGCGAGTCTGCCGGGT-1,11
CGCGCAAATGTCCAGA-1,8
CGCGCATGTTTGATTG-1,3
CGCGCCCGACTTAATA-1,4
CGCGGCTCAACTTGAA-1,2
CGCGGGAATTAGGCAG-1,3
CGCGGGAATTCCTTTC-1,14
CGCGGTCACAAACCAA-1,4
CGCGTTCATGAAATAC-1,4
CGCTACGGGACATTTA-1,0
CGCTAGAGACCGCTGC-1,2
CGCTATTCTTAGGCTC-1,0
CGCTCTCCGTAGATTA-1,4
CGCTGGTGACTACCCT-1,9
CGCTGTGACGCCGCAC-1,5
CGCTGTGTGGATGTTG-1,10
CGCTTATTCCCGGTCG-1,4
CGCTTCGGTCTAAGAC-1,7
CGCTTTCTTGCATTCG-1,6
CGGAAAGAATCAAACG-1,15
CGGAACGTAAACATAG-1,4
CGGACCTTTACGTCCC-1,14
CGGACGTTACTTGAAG-1,8
CGGAGCAATTTAATCG-1,0
CGGAGCATGGCGATCC-1,2
CGGAGTTTGAGAGACA-1,5
CGGATCCTCAAGGACT-1,1
CGGCAAACATCGTGCG-1,1
CGGCAATAAGATCGCC-1,6
CGGCAGGGTCGGGTTG-1,2
CGGCCACGCACAAAGT-1,0
CGGCCCAACCTGTAGT-1,0
CGGCCCAGGTATATCC-1,6
CGGCGCCATCAATCCC-1,1
CGGCTCTAAAGCTGCA-1,9
CGGGAATATAGTATAC-1,6
CGGGAATTTATGTAAA-1,2
CGGGAGCTTCAGTGTA-1,1
CGGGATCAATGTAAGA-1,5
CGGGCAGCTAAACCGC-1,3
CGGGCCTTCTTTGTAA-1,0
CGGGCGATGGATCACG-1,14
CGGGTGTACCCATTTA-1,2
CGGGTTTGTTAGGGCT-1,9
CGGTACGGCAAACCCA-1,8
CGGTACTAGAATCAAA-1,2
CGGTAGAGGTGCAGGT-1,3
CGGTATAGGTATTAGC-1,12
CGGTCAAGTGGGAACC-1,3
CGGTCCGTCGCAAGCC-1,10
CGGTCTATCAACCCGT-1,5
CGGTGAAGACTAAAGT-1,12
CGGTGCAGATAGAACG-1,4
CGGTGCGCGTTGGTCC-1,4
CGGTGGGCTCCAGCCT-1,5
CGGTTATCCAACAGTG-1,6
CGGTTCAAGTAGGTGT-1,3
CGGTTGACCTGGCATA-1,5
CGTACCTGATAGGCCT-1,4
CGTAGAGAGTAATTAT-1,7
CGTATTAAGAGATCTA-1,3
CGTCACGTCCATTGGT-1,3
CGTCCTCATCGCGTGC-1,7
CGTCGCATGTGAGCCA-1,7
CGTCGGATAGTGTTGA-1,6
CGTCGGGTCTAAGCGC-1,11
CGTCGTCCTTCGCGAA-1,1
CGTGAAGTTAATTCAC-1,0
CGTGACATTGGGTCGT-1,12
CGTGACCAGTCCTCTG-1,10
CGTGCACACCACTGTA-1,13
CGTGCAGACTGGGACA-1,2
CGTGCATTGTCGACGC-1,4
CGTGCCCTCCCGAAGA-1,1
CGTGGCCGAATATCTA-1,9
CGTGTATGGGAGCTGA-1,7
CGTGTCCCATTCGCGA-1,5
CGTTAAACTAGTTAGG-1,9
CGTTAATGTCCCGACG-1,2
CGTTAGCTCACAACTG-1,5
CGTTATCATACTTCCA-1,11
CGTTCAGACCCGCGAA-1,15
CGTTCATGGTGCGCGT-1,10
CGTTCTTCGCACACCT-1,3
CGTTGAATACCGCGCT-1,1
CGTTGAGCGACCGTCG-1,2
CGTTGAGTAATTGCGT-1,12
CGTTGTAAGATTGATT-1,6
CGTTGTCGGCAATTGA-1,13
CGTTGTTTCAATTCCC-1,4
CGTTTCACTTCGGGCG-1,4
CGTTTCGCTCATTACA-1,3
CGTTTGTGTAGAGGGT-1,15
CTAAAGAATGCCTACT-1,4
CTAAAGGGAAATAGGA-1,1
CTAAATCCTATTCCGG-1,3
CTAACAGCACAATAAC-1,8
CTAACCGCGCGCCCGT-1,3
CTAACGAAACTTGCTG-1,6
CTAACTGATAATCGCC-1,9
CTAACTGGTCCGGTTC-1,4
CTAAGGGAATGATTGG-1,2
CTAATTCGCACGCGCT-1,5
CTAATTCTCAGATATT-1,6
CTACACTCGCAGATGG-1,9
CTACCCTAAGGTCATA-1,6
CTACGACTAGCTATAA-1,10
CTACGCACGGAGTACC-1,0
CTACTATCATAGGTTT-1,11
CTACTATCTTTCAGAG-1,0
CTACTCAAGGTATAGT-1,6
CTACTCTAGGCCCGGC-1,12
CTACTGCCACCTGACC-1,3
CTAGATGTGAGTGTAA-1,6
CTAGATTTACGACGGC-1,2
CTAGCATAGTATAATG-1,0
CTAGCCGATGTTATGA-1,0
CTAGGCGCCCTATCAG-1,2
CTAGGTCTGAAGGAAT-1,6
CTAGGTTCGGACGTGA-1,1
CTAGTAGAAAGGGATT-1,1
CTAGTCACGTCTTAAG-1,2
CTAGTGAAGGACAGGA-1,4
CTAGTTACAACCCGGT-1,1
CTAGTTGGGCCCGGTA-1,3
CTATAAGAGCCAATCG-1,0
CTATACTTAAAGCGAG-1,16
CTATCGACGAAATACA-1,2
CTATCGGGTCTCAACA-1,6
CTATGCCCGAATGCAA-1,15
CTATGGGAAGCGGAAT-1,9
CTATGTCACTAGCCCA-1,3
CTATGTGAGTCACGGC-1,8
CTATTCATGTGTCCCA-1,1
CTATTGTGTTTGGTCA-1,5
CTATTTGCTTGGAGGA-1,14
CTATTTGGTTACGGAT-1,2
CTCAACTAACCCGGAT-1,1
CTCAAGACATTAGCGC-1,5
CTCACATTTACTAAAT-1,13
CTCACTGTGATACTTA-1,14
CTCACTTGGCTGGTAA-1,4
CTCAGATTGTGATAAG-1,11
CTCAGTCACGACAAAT-1,0
CTCATAAATGTGTATA-1,13
CTCATGGTAATTTGCG-1,10
CTCATTGCTCTAACAA-1,1
CTCATTTGATGGGCGG-1,5
CTCCCTCCTTTCGATC-1,11
CTCCGCCCACATGAGG-1,3
CTCCGGCCTAATATGC-1,12
CTCCTCCAGCTCACAC-1,10
CTCCTTTACGCAAGTC-1,0
CTCGAGACATACGATA-1,8
CTCGAGGTCGAACAGT-1,3
CTCGATATTTGCGAGC-1,0
CTCGCACCTATATAGT-1,4
CTCGCATTGCATAGCC-1,8
CTCGCCGAATGTAGGG-1,0
CTCGCTAGGTAAGCGA-1,13
CTCGGTACCACTGCTC-1,2
CTCGGTTGTCGGCCCT-1,11
CTCGTCGAGGGCTCAT-1,8
CTCGTCTGTGCCTTCG-1,14
CTCGTTTCTAATGTTT-1,0
CTCTAATGCATTGATC-1,0
CTCTACACTGGCGATT-1,8
CTCTAGCCCTCGGAAA-1,7
CTCTATTTGGCTGCAG-1,1
CTCTCACAATCGATGA-1,0
CTCTCTAACTGCCTAG-1,8
CTCTGGACGCCTGGTG-1,0
CTCTTCTATTGACTGG-1,9
CTCTTGTCCCGCTTGG-1,0
CTGAAAGAGATCCGAC-1,5
CTGAATCCGAGACCTC-1,3
CTGAATTTATTGCCAG-1,3
CTGACTGCGCAGCTCG-1,6
CTGCAAGCACGTTCCG-1,7
CTGCACAACTACATAT-1,1
CTGCACTCCAGTACAG-1,1
CTGCAGAGAATCAGAG-1,7
CTGCCAAGGTTGGAAG-1,4
CTGCCATGCATCACAT-1,2
CTGCCTTTCTAGTAAA-1,7
CTGCGACCTCGCCGAA-1,14
CTGCGTTACGATATAA-1,5
CTGCTGAGGCCACGAA-1,4
CTGCTTGGCGATAGCT-1,1
CTGCTTTATGTCCGCG-1,3
CTGGAAATGGATGCTT-1,3
CTGGAAGACACGGTGG-1,2
CTGGACGCAGTCCGGC-1,11
CTGGATTTACACTTGA-1,3
CTGGCATCCGAATGAG-1,10
CTGGCGACATAAGTCC-1,5
CTGGCGATTTACATGT-1,13
CTGGCGCACAGGTCTG-1,2
CTGGCTGATTCATCCT-1,2
CTGGCTGGTTGTCAGT-1,0
CTGGGATAAATAATGG-1,2
CTGGGCCTGCTATATC-1,5
CTGGGTAGGCAGTTAA-1,1
CTGGGTTGAGTTAAAG-1,11
CTGGTAAAGACTTACA-1,13
CTGGTAACACATAGAA-1,2
CTGGTAACGAGCTCTT-1,6
CTGGTTTCGAGCAAGA-1,2
CTGTACTTCTTAGCAT-1,3
CTGTAGCCATCTCACT-1,15
CTGTCAAATGGCTCGG-1,4
CTGTGCAGGGTAGGTC-1,2
CTGTGGTCGGGAGATA-1,1
CTGTTACCCAATCTAG-1,0
CTGTTCACTGCCTGTG-1,5
CTTAACTTACAGTATA-1,7
CTTAAGCAGCGAGCCG-1,11
CTTACACGGTATTCCA-1,4
CTTAGCCTTCCACATG-1,4
CTTAGGTATAGACCAG-1,16
CTTAGTAGGCCTACAG-1,6
CTTAGTGTAGTAGCAT-1,1
CTTATGCGCTCAGGGC-1,11
CTTCAACTCCACTTGG-1,1
CTTCAGTGGTCGCCTA-1,11
CTTCAGTTGGACAACG-1,6
CTTCATTGTCAGTGGA-1,0
CTTCCGCTCCGTGAAG-1,13
CTTCGATTGCGCAAGC-1,7
CTTCGGCCAATTGTTT-1,9
CTTCGTAGATAGGTGA-1,0
CTTCTATGTTGAAGTA-1,10
CTTCTATTAATGCTAG-1,5
CTTGAGTTAGGGTAAT-1,2
CTTGATGACCATCCAG-1,13
CTTGCAACCGCCTCCT-1,10
CTTGCCCACCCACGCA-1,13
CTTGCCCAGGCTCTAC-1,0
CTTGGCCAAGCTGGGA-1,15
CTTGTACTTGTTGACT-1,5
CTTGTCAACATTCGAG-1,2
CTTGTGCTCACCGATT-1,3
CTTGTTGCTGAGTCAA-1,2
CTTTAACTTTCAAAGG-1,4
CTTTAATATTGGTCGA-1,1
CTTTACCGAATAGTAG-1,2
CTTTAGGAACACTGTT-1,2
CTTTAGTGCTATTATT-1,2
CTTTCTGTGCGGGCTT-1,1
CTTTGACGTCGCTTCT-1,11
CTTTGCATCGCTCTTG-1,1
CTTTGGCTTTAGTAAA-1,4
CTTTGTCGAATGCTCC-1,8
GAAACAGATGACCACC-1,2
GAAACATAGGAAACAG-1,8
GAAACCATGGTGCGCT-1,6
GAAACCGAATTACCTT-1,0
GAAACCTATACAAATG-1,15
GAAAGAACAGCGTTAT-1,6
GAAAGCAGTGCACTTT-1,0
GAAAGCCCTTTGGACC-1,12
GAAATATCACCATCAG-1,12
GAAATATGCTTGAATG-1,4
GAAATCGCGCGCAACT-1,5
GAAATGGCGGTGTTAG-1,3
GAAATTAGCACGGATA-1,4
GAAATTGTCTCTATAA-1,0
GAACAACTGGGATGAA-1,7
GAACACACATCAACCA-1,5
GAACAGATTACTAAAT-1,1
GAACCCTCTGTGTTCT-1,1
GAACCTCGACCTACAC-1,8
GAACCTTTAACGATCC-1,1
GAACGACCGAATGATA-1,5
GAACGCGGGTCACACG-1,9
GAACGTCTCATGGTCG-1,6
GAACTGTGGAGAGACA-1,14
GAAGAAACGATATTGT-1,8
GAAGCCACTGATTATG-1,13
GAAGCCTGCACATTCC-1,0
GAAGCGTGAGGAATTT-1,0
GAAGCTCGGACCCGTC-1,11
GAAGCTTGCTGACCGC-1,5
GAAGGAGTCGAGTGCG-1,10
GAAGTCAGTTGCACTA-1,0
GAAGTCTCCCTAGCGA-1,2
GAAGTGATTTATCGTG-1,3
GAAGTTTCCACTCAAT-1,3
GAATAGACGCGACCCA-1,2
GAATAGCCCTGCGGTC-1,3
GAATCGACATGGTCAC-1,5
GAATCTGAACATTCTC-1,1
GAATGCGAATCGGTTC-1,0
GAATGGGCTTATCGAC-1,8
GAATGTATGGCAGGTC-1,5
GAATGTGGTCCGGATT-1,2
GAATGTTGGGTAATCT-1,4
GAATTATAGTGAAAGG-1,0
GAATTCACCCGGGTGT-1,0
GAATTTCTCGCTGCAG-1,12
GACAAACATATGCAGG-1,6
GACAACGACCATTGAA-1,3
GACAACGCAGCTTACG-1,12
GACACAAGGGAAGAAA-1,0
GACACAGCCGGGACTG-1,13
GACACTGAGTTCAGTG-1,0
GACACTGGAACCCGAT-1,6
GACACTTCCAATTACC-1,13
GACAGATTTCTGGCTC-1,11
GACAGCCAGACCTGAC-1,2
GACAGGCACACACTAT-1,10
GACATCCGTCGAACTG-1,7
GACATCGATTTATAAC-1,10
GACCAAACGTTGACTG-1,9
GACCACACTTCCCTTT-1,14
GACCAGAGCCCTGTAG-1,3
GACCCAATTATGATAC-1,11
GACCGACGTGAAAGCA-1,6
GACCGACTGAAGCGTC-1,12
GACCGCGTCTGACGTG-1,9
GACCGTGCTGACGGTG-1,0
GACCGTTACATGCGAC-1,12
GACCTTCCACGTCTAC-1,7
GACGACGATCCGCGTT-1,1
GACGAGGCTAATAAAC-1,9
GACGCATACCCGTCGG-1,16
GACGCCGTAAAGGCTA-1,15
GACGCTTGCTTCTAAA-1,4
GACGGGTTGGCCCGTA-1,10
GACGGTCAATAGAAGC-1,6
GACGTGTAGGGATTAT-1,5
GACTAAGATCATGCAC-1,5
GACTAAGTAGGCTCAC-1,5
GACTACAAAGCGGTGG-1,10
GACTAGGCCGTTAGGT-1,7
GACTCACCCACGTGAG-1,6
GACTCCCAGAATAAGG-1,0
GACTCCTTCCAATTGA-1,8
GACTCGCGGGAATGAC-1,0
GACTGCAAATCGAGCT-1,1
GACTGCACCAGCCCAG-1,2
GAGAACGGTTCTGACT-1,7
GAGACCCTGCAACGCC-1,5
GAGACTGATGGGTAGA-1,3
GAGACTTCGCGACCGA-1,0
GAGAGGGCGCGAGGTT-1,3
GAGAGGTGCATTCTGG-1,5
GAGATCTGCTTGGCAT-1,0
GAGATCTGTCACTCCG-1,0
GAGATCTTCCATGACA-1,1
GAGATGGCTTTAATCA-1,14
GAGATGGGAGTCGACA-1,1
GAGCACCTGTGTCCAG-1,1
GAGCCAGCTACCTGTG-1,2
GAGCCGAGCGTTTATT-1,5
GAGCGCAAATACTCCG-1,6
GAGCGCGCACGAGTAG-1,2
GAGCGCTGTTAGGTAA-1,8
GAGCTAAGGGCATATC-1,0
GAGCTGTCGTCTCGGA-1,3
GAGGAATGGAGAGGTT-1,12
GAGGATAAACAGTGCT-1,9
GAGGCCCGACTCCGCA-1,11
GAGGCCTGTTGATACA-1,7
GAGGCTATCAAAGTCG-1,12
GAGGGCGCAGCTCTGC-1,0
GAGGTACGCGTGTCCC-1,14
GAGTAAGGCCACGGGA-1,11
GAGTAGATACTAGTTG-1,13
GAGTATGCCCGCCTTG-1,4
GAGTATGCGCGTGCAT-1,7
GAGTCAGACCAGAATC-1,15
GAGTCCGCTTACCGGA-1,0
GAGTCTTGTAAAGGAC-1,11
GAGTGTCAACCAGAAA-1,1
GAGTGTGCGGTACCCA-1,2
GAGTTCTGTGGGTGCT-1,8
GAGTTGATGGCAATTT-1,11
GATAACTCGCACTGTG-1,2
GATACGATGGGAGTCA-1,0
GATAGATAGTACAGTC-1,13
GATAGGTAACGTTGAC-1,1
GATATCAAGCAGGAGC-1,8
GATATGAGACACTAAC-1,2
GATATGCGGTAGCCAA-1,4
GATATTGAGATTGGCG-1,6
GATATTTCCTACATGG-1,5
GATCATTCCAAACATT-1,3
GATCCCTTTATACTGC-1,3
GATCCGGGAATTAACA-1,2
GATCCTAAATCGGGAC-1,0
GATCCTCGACACTGGC-1,10
GATCGACACTATCTGA-1,4
GATCGCGGGCTCTCCA-1,3
GATCGCTACCCGATTT-1,9
GATCGCTATATCTCAG-1,8
GATCGGATAGAACCAT-1,8
GATCGGTGGCCATAAC-1,3
GATCGTGACTGATATC-1,2
GATCTAACCGTATTCA-1,11
GATCTGCTATCTAAGG-1,15
GATCTTGGAGGGCATA-1,2
GATCTTTGCAGGGTAT-1,4
GATGACAAGTAGGGCA-1,12
GATGACGATGATCGCG-1,3
GATGAGGAACCTTCGG-1,7
GATGCCTTCTGCGGCA-1,8
GATGCGTCCTGCATTC-1,0
GATGCTGTATTTCATC-1,2
GATGTAACGAACCACC-1,11
GATGTTCAATCCACGA-1,0
GATTAACCGAAAGCCC-1,7
GATTACTGAATTTGGG-1,3
GATTCCCTTGTCGCAG-1,3
GATTCCGCGTTTCCGT-1,12
GATTCGACGGTTCACG-1,1
GATTGGGAAAGGTTGT-1,7
GCAAACCCTACATTAT-1,2
GCAAACCTTGGCCATA-1,1
GCAAATATTACGCTTT-1,3
GCAAATGAGGACACTT-1,8
GCAACACACTAGAACT-1,8
GCAACAGCAGTATGCG-1,9
GCAACCACCAGACCGG-1,5
GCAACCACGGCCGCGT-1,4
GCAACGGCTAGTTATG-1,9
GCAAGAATTCCTTGGC-1,4
GCAAGATGTGTTCGCG-1,5
GCAAGCTGGAAACCGC-1,8
GCAAGTGCACAGAGAA-1,5
GCACAAACGAGGCGTG-1,9
GCACAACCTCGGGCGT-1,8
GCACACACTGGTAGCC-1,9
GCACCTAGGCGAGTCC-1,13
GCACGCCGATTCCCGC-1,10
GCACGCCTACTTAGAT-1,10
GCACGTGGTTTACTTA-1,7
GCACTGCCTACCTTTA-1,14
GCAGACCCAGCACGTA-1,6
GCAGATCCATAAGACT-1,1
GCAGATTAGGGATATC-1,0
GCAGCACACAGCCCAG-1,3
GCAGCCTATATCACAT-1,6
GCAGCTATGGACAGGT-1,5
GCAGCTGTCAACGCAT-1,14
GCAGGAACTTAGATCT-1,11
GCAGGACTATAGAATA-1,4
GCAGGTAGAGTATGGT-1,5
GCAGTGTGGCTATAGG-1,1
GCATAGAGCACTCAGG-1,0
GCATCGGCCGTGTAGG-1,6
GCATGAGGGACGCGGC-1,0
GCATGCTAATAACGAT-1,7
GCATGGGTACTGACGC-1,8
GCATTCAAGGCAACGC-1,6
GCATTGACTTGCGGAA-1,11
GCATTGTAATTCATAT-1,10
GCATTTCCAAGGCTCC-1,0
GCCAACCATTTCCGGA-1,6
GCCAAGAATACTTCTG-1,11
GCCAATAGGGCATCTC-1,0
GCCACAATTTAAGGAC-1,4
GCCACTCAGAGCGCGA-1,1
GCCAGGAGTAACCGAT-1,4
GCCATATTGCACACAG-1,3
GCCATCGAGCTGCGTG-1,10
GCCATCGATGCTGCAT-1,0
GCCATTAGCCTCAAAC-1,8
GCCCGACTTCTTCCCG-1,8
GCCCGAGAGTCTAAAT-1,16
GCCCGATCTGTGGTCG-1,1
GCCCGCGCGTAAACGG-1,4
GCCCGTAATACCTTCT-1,3
GCCCTAGCCGTCGCGA-1,11
GCCCTGAGGATGGGCT-1,7
GCCGAAATTCCTACGT-1,3
GCCGATTGGCCAAGCT-1,2
GCCGCTTGTGAGAAAC-1,3
GCCGGGTTAGGGTCGC-1,0
GCCGTGGAAGAAATGT-1,9
GCCTACGTTCTGTGCA-1,14
GCCTATAGTGTCAGGG-1,0
GCCTATGCTGGGCCTT-1,3
GCCTCATCTGGAAATA-1,2
GCCTCCGACAATTCAC-1,7
GCCTCTATACATAGCA-1,1
GCCTTTGTCAGTGGAC-1,16
GCGAAACGATCGGGAG-1,9
GCGAAACTTAACTGGA-1,1
GCGAAGAATCTGACGG-1,7
GCGAAGCCATACCCGT-1,3
GCGACATGTAAACATC-1,6
GCGACGATAGTTGTAC-1,0
GCGAGAGGCCATGTAA-1,3
GCGAGAGTTGCGTCCA-1,6
GCGAGCGCATGCTCCC-1,6
GCGAGGCCCGAGCAGA-1,3
GCGAGTTCTGCAAAGA-1,0
GCGATTGTTAACGTTA-1,2
GCGCAAATATATTCAA-1,10
GCGCAAGAGCGCGCTG-1,6
GCGCATCCAGTCAGCA-1,6
GCGCCGTTCCACGATA-1,1
GCGCCTCCCACTCCGA-1,9
GCGCGGTCTAGTAACT-1,10
GCGCGTCATTGGTACA-1,1
GCGCTAATTGAATAGA-1,6
GCGCTATGCCGAGGCA-1,0
GCGCTGATCCAGACTC-1,5
GCGCTGCTTTGCATTT-1,0
GCGCTTAAATAATTGG-1,1
GCGGACCGCGTTGTGG-1,4
GCGGAGAAACTTCGCA-1,10
GCGGAGAGGGAGAACG-1,1
GCGGATTACTTGTTCT-1,13
GCGGCAAAGTATTGCC-1,8
GCGGCTCTGACGTACC-1,3
GCGGCTTTAGCAAGTT-1,14
GCGGGCGAGCCTTACC-1,15
GCGGTCTTGCTTTCAC-1,14
GCGGTGAACTGCGCTC-1,3
GCGGTTCCCTATCATG-1,3
GCGTAAATGGCCATAA-1,6
GCGTCGAAATGTCGGT-1,12
GCGTCGCCAGGGTGAT-1,1
GCGTCTCTGCATTGGG-1,0
GCGTGGTACTGGGTTA-1,2
GCGTTCGGAGACCGGG-1,3
GCTAACTGAAGTCTGA-1,7
GCTAAGCCCAGTATGC-1,13
GCTAAGTAGTTTCTCT-1,2
GCTAATACCGAATGCC-1,12
GCTACAATCGAGGATA-1,7
GCTACAGTACGGACCG-1,8
GCTACGACTTATTGGG-1,2
GCTACTATAGTAGAGT-1,2
GCTAGACCGTCTACTG-1,9
GCTAGAGTAGAGATGT-1,9
GCTAGCAGGGAGTGGG-1,4
GCTAGCTTGAATAGCT-1,10
GCTAGGCACCACGGAG-1,2
GCTAGTAGAGCTTGTA-1,1
GCTATACGTCTCGGAC-1,2
GCTATCATACTCATGG-1,1
GCTATGCCAGCTTATG-1,11
GCTCAATCCGTTTATT-1,10
GCTCAATGTAATACCG-1,15
GCTCATTACTGCATGT-1,5
GCTCCCAGTCGGTCCA-1,9
GCTCCGCTCGCTTCAG-1,9
GCTCCTGACATACTGG-1,10
GCTCGCTCATGTCCAA-1,2
GCTCGGAATTTAAAGC-1,4
GCTCTAAACCCTGACG-1,4
GCTCTATGTTACGTGC-1,5
GCTCTCGGGTACCGAA-1,4
GCTCTTTCCGCTAGTG-1,10
GCTGAATCTTCCAATC-1,8
GCTGAGGCGTGAGTAT-1,2
GCTGCACGGTTTCTTA-1,1
GCTGCTAAGTAGTCGA-1,0
GCTGCTACTGCGTAGC-1,1
GCTGCTCTCCGGACAC-1,3
GCTGGACCCAAAGTGG-1,5
GCTGGCATATTCACCT-1,5
GCTGGCGGCGCATGCT-1,1
GCTGGTGACTCGTAGT-1,12
GCTGGTTTAGGCCATA-1,8
GCTGTATTACTGGCCC-1,4
GCTGTTGCTACCGAAC-1,2
GCTTAATGTAACTAAC-1,2
GCTTACGTAGTTAGTA-1,6
GCTTATGAAGCAGGAA-1,2
GCTTCCATGTAACCGC-1,13
GCTTCCGTCCCTAGAC-1,3
GCTTGAGTGACCTCTG-1,13
GCTTGGATCGATTAGG-1,6
GCTTTCAGAGGAGGTG-1,2
GGAAACCTTGTTGAAT-1,3
GGAAACTAAATGGGCC-1,7
GGAAAGTGCCCATGCC-1,4
GGAACCGTGTAAATTG-1,15
GGAACCTTGACTCTGC-1,8
GGAACTTTGGCGATTA-1,7
GGAATGCGCTAGCGTG-1,6
GGACAACCATGAAGCC-1,7
GGACACAAGTTTACAC-1,9
GGACCAACAGGATAAC-1,1
GGACCTACGGTAACGT-1,4
GGACCTCTAGGCCGCC-1,8
GGACGTCCATAGTTGG-1,5
GGACTCTTTGACTAAG-1,14
GGAGAAGTCATTGGCA-1,12
GGAGACCATCTACATA-1,11
GGAGACGACACCTTTG-1,2
GGAGCAACATTTCAAG-1,9
GGAGCACCAAGAACTA-1,3
GGAGCGAGGCCTACTT-1,1
GGAGGGCTTGGTTGGC-1,6
GGAGTTGATTCTGTGT-1,7
GGATCAGAGCCATCAG-1,8
GGATCATCCCGTACGC-1,4
GGATCCGGAATATACT-1,2
GGATCTTGACTCAACC-1,11
GGATGAAGATCGCTGA-1,2
GGATGACGCGAGTTTA-1,0
GGATGGCTTGAAGTAT-1,7
GGATGTCCTTACCGCA-1,2
GGATTAATCATGGACC-1,14
GGATTCCGCTATACCC-1,5
GGATTGCTGTGACTCC-1,1
GGATTTCACTTCTATA-1,6
GGCAAAGGCGCCAATA-1,10
GGCAAATTACTTTACT-1,0
GGCAAGCCCATAGTGG-1,14
GGCAAGGCGAAATAGC-1,1
GGCAATAGTCAATGAG-1,0
GGCACGCTGCTACAGT-1,13
GGCACTCCACTGGGCA-1,3
GGCACTGCGGTGGTTT-1,7
GGCAGCAAACCTATGC-1,9
GGCAGCGGTAATCCTA-1,5
GGCATACAGGTAGCGG-1,4
GGCATATCGGTTCTGC-1,5
GGCCAATTGTATAGAC-1,12
GGCCCAGCTGGTTTGC-1,14
GGCCCTCACCCACTTA-1,10
GGCCGGCGTCTGCTAT-1,7
GGCCGTTTGGGTTTCA-1,10
GGCCTGCTTCTCCCGA-1,7
GGCGAAATCTAACTTG-1,2
GGCGAGCGAAACGGCA-1,11
GGCGCAGGACATCTTC-1,5
GGCGCATGAATTGATG-1,0
GGCGCGGAGATCTTTC-1,1
GGCGCGTTCGAGTTTA-1,1
GGCGCTTCATTCCCTG-1,14
GGCGGAGTAATATTAG-1,3
GGCGGTAGGATCATTG-1,0
GGCGTAGGGAAAGCTG-1,1
GGCGTCCTATCCGCTG-1,5
GGCTAAAGGGCGGGTC-1,3
GGCTAATGATTGAAAT-1,5
GGCTATTAAGTTGTAT-1,4
GGCTCGCGTTGAGGTA-1,6
GGCTCTGCTCCAACGC-1,3
GGCTGAAATAGCAAAG-1,2
GGCTTTCAATAAGGGT-1,0
GGGAAAGAATGCCAAC-1,7
GGGAACGGGAGGTTAG-1,4
GGGAAGACGGTCTGTC-1,7
GGGAAGGGCTTTCTCA-1,1
GGGAATGAGCCCTCAC-1,3
GGGACAGAGTTACTCC-1,8
GGGACCCGTATATCTT-1,10
GGGACTGCATAGATAG-1,0
GGGAGAACTCACAGTA-1,3
GGGAGCGACCGTAGTG-1,14
GGGAGGATGCCCGAAA-1,3
GGGAGTTAATGAGGCG-1,6
GGGATGGTCGTAACCG-1,4
GGGATTTACCGCACCT-1,2
GGGCAACCGCACGTGC-1,8
GGGCACTATTGACCAT-1,8
GGGCAGACGTCACTGC-1,11
GGGCAGAGCAATCGTT-1,0
GGGCAGTCAACGCCAA-1,14
GGGCCCGTCTTAAACA-1,0
GGGCCGGCCGAAGTAC-1,2
GGGCCTAAATGGGCTA-1,11
GGGCGATATGTGTGAA-1,4
GGGCGGCAAATGAATT-1,4
GGGCGGGTTCCCTACG-1,3
GGGCGTACATTTATAT-1,5
GGGCGTCACCACGTAA-1,4
GGGCGTCCACTGGCTC-1,5
GGGCGTGGTTTCCCAG-1,1
GGGCTACTATTTCGTG-1,11
GGGCTATGATCGATGG-1,13
GGGCTCATCGAACCCA-1,3
GGGCTGCCTAGGGCGA-1,0
GGGCTGGTTAGTCGCG-1,3
GGGTACTTCATGAACT-1,4
GGGTATGTATGCACTT-1,12
GGGTATTCTAGCAAAC-1,8
GGGTCACCGTGACGGT-1,3
GGGTCAGGAGCTAGAT-1,10
GGGTCGTGGCAAGTGT-1,0
GGGTCTATCGCTTTCC-1,7
GGGTGACACCTTAACT-1,0
GGGTGCATATGAAAGC-1,0
GGGTTAACATTTGAGT-1,15
GGGTTTAGGATAGGAT-1,9
GGTAACCGGGAGGATA-1,8
GGTACAAACATGCTAT-1,0
GGTACCATTAAGACGG-1,6
GGTACGTTGCGGCCGG-1,7
GGTAGAAGACCGCCTG-1,1
GGTAGACCGTTGGGCG-1,4
GGTAGTGCTCGCACCA-1,6
GGTATAGTGACACATA-1,0
GGTATTGCCGAGTTTA-1,3
GGTCAAGACTACTTCG-1,6
GGTCAGTGGGTCCCAC-1,1
GGTCGGATAAACGGCG-1,3
GGTCGGCCAGGAGCTT-1,6
GGTCGGTCGTCCACAG-1,10
GGTCGTAAGCTCGCAC-1,11
GGTCTCCGTCCAGGTT-1,7
GGTCTCTGAATGGACT-1,10
GGTCTGAGAATCTGGA-1,0
GGTCTTGAGCGCTCTT-1,13
GGTGAAGTACAGGGAT-1,4
GGTGATAAGGAGCAGT-1,2
GGTGCAGAGCCTATCG-1,5
GGTGCTGGTACACATT-1,3
GGTGGACTGCTCTGGC-1,1
GGTGTAAATCGATTGT-1,14
GGTTACCACCCTCGGG-1,4
GGTTAGCTATATGTCT-1,1
GGTTAGGCTTGGAGAA-1,5
GGTTCGGATTATACTA-1,8
GGTTCTACTCGTCTGA-1,6
GGTTTAATTGAGCAGG-1,0
GGTTTACAATCTCAAT-1,4
GGTTTAGCCTTTCTTG-1,6
GGTTTCAATCGGTCAG-1,2
GGTTTGACAAGAAGCT-1,5
GGTTTGTGACCTGAGG-1,7
GTAACATCTAAGATAA-1,9
GTAAGCGGGCAGTCAG-1,4
GTAAGTAACAGTCTGG-1,2
GTAAGTAGGGTATACC-1,12
GTAATAAAGGGCTCCC-1,6
GTAATCTGATTCTTCG-1,4
GTACACTTACCTGAAG-1,0
GTACAGAGGCAAGGGT-1,2
GTACGAGATTGCGACA-1,5
GTACGCTTCATTGCAC-1,1
GTACGTCACGTATTAA-1,12
GTACGTTTGCCCGTCA-1,2
GTACTAAGATTTGGAG-1,4
GTACTCCCTTATCGCT-1,5
GTACTCCTGGGTATGC-1,0
GTACTGGAGTTAGACC-1,2
GTAGACACGCCTGACT-1,13
GTAGAGGGAGACAAGT-1,12
GTAGCCAAACATGGGA-1,2
GTAGCGGCTATACACT-1,1
GTAGCTTCCTCTTGTT-1,6
GTAGGTGATCCGTGTA-1,5
GTAGTCGCGGGAATCA-1,1
GTAGTCTACGATATTG-1,14
GTAGTGAGCAACCTCA-1,7
GTATAGGACTCAGTAG-1,5
GTATCAAACGTTAGCT-1,9
GTATCCTTTGGTAACC-1,7
GTATCTCAGTCTTGAC-1,8
GTATCTTTCATAACCA-1,1
GTATGAAATTTCACTC-1,11
GTATGTGGGTCTAGTT-1,2
GTATTCTGAGAAACGA-1,4
GTCAAAGAAGTGGTGT-1,8
GTCAACCAGGCCTATA-1,7
GTCAAGCGGACTCGGG-1,2
GTCAGAATAGTCTATG-1,5
GTCATGCACCTCCGTT-1,3
GTCATGCGCGAGGGCT-1,7
GTCATGGACATGACTA-1,3
GTCATTAGAGCGAACG-1,2
GTCCAATATTTAGCCT-1,6
GTCCATTACTGCTACG-1,6
GTCCCAACGTAAAGTA-1,6
GTCCCAATCATCCCGC-1,8
GTCCCGCGACGTTATG-1,1
GTCCGGACCTGAAATT-1,1
GTCCGGCTGAATTGCG-1,4
GTCCGGGTTCACATTA-1,14
GTCCTACGAATAGTCT-1,0
GTCCTACTCTACGGGC-1,8
GTCGCCGTTGTGTGTT-1,15
GTCGCGTAACCCGTTG-1,2
GTCGGAAGGATACCAG-1,5
GTCGGATATCTCAGAC-1,4
GTCGGATGTAGCGCGC-1,5
GTCGGGAACATGGTAG-1,8
GTCGGGAAGCAGAAAC-1,1
GTCGTACCATCTCGGG-1,1
GTCGTACCTACGATTG-1,12
GTCGTATTGGCGTACA-1,4
GTCGTGTCTGGTCATC-1,0
GTCGTTATTCGCTTAT-1,1
GTCTAGTGAGCCGCTT-1,7
GTCTATCTGAGTTTCT-1,3
GTCTATTGCATGCTCG-1,7
GTCTATTGGTTCCGGT-1,2
GTCTCAAGGCCCGGCT-1,14
GTCTCCCGAGTCCCGT-1,13
GTCTCCTGCCAGTATG-1,8
GTCTCGACTAAGTTTG-1,6
GTCTCGATCTGCTTTC-1,4
GTCTGGGCGGTCGAGA-1,3
GTCTTACCACGCCAAG-1,13
GTCTTGTAGCTATTCA-1,9
GTGAAACGGCGCCACC-1,3
GTGAACTCCCATTCGA-1,6
GTGAAGATTTCAAGTG-1,3
GTGAAGCCGTATAGTC-1,3
GTGAAGTCACGACTCG-1,11
GTGACAGCTTCCCACT-1,7
GTGACCGCACACTACG-1,2
GTGACGAGGGTGACCC-1,0
GTGACGCAGGTTTCAT-1,7
GTGACTTCAGTAGTGC-1,3
GTGAGCGTGCTGCACT-1,5
GTGAGGACACTTAAGG-1,2
GTGAGGAGCGGTTGAG-1,12
GTGAGTCGACTAATAG-1,7
GTGAGTGGTACAACGC-1,0
GTGATCACTAACGCCT-1,9
GTGATCATAGATCTGC-1,0
GTGATCCTTGTCATGA-1,1
GTGATGCACAACATCT-1,12
GTGATTCGCCGCTCAA-1,0
GTGCACCAGCTTCAAC-1,12
GTGCACGAAAGTGACT-1,5
GTGCCATCACACGGTG-1,4
GTGCCCGTTCGGATTC-1,2
GTGCCGCTTCAAAGGT-1,3
GTGCCTGAGACCAAAC-1,13
GTGCGAAATCGAACAC-1,3
GTGCGACAGGGAGTGT-1,2
GTGCGGGTCTCCAAAT-1,5
GTGCGTGTATATGAGC-1,1
GTGCTCAAGTACTGTC-1,0
GTGGAACCTACATGCG-1,12
GTGGACCAACCCGATT-1,5
GTGGACGCATTTGTCC-1,1
GTGGAGCGTTTACCGA-1,8
GTGGAGTCGGCGGTTG-1,10
GTGGCAAACAGCGGCA-1,11
GTGGCGGTCCCAGCGT-1,12
GTGGCTGTTTCTGTTC-1,13
GTGGGAAGACTGAATC-1,8
GTGGGCTTAGACACAC-1,5
GTGGGTACTGAGCGTA-1,11
GTGGTATAGTCTGCCG-1,15
GTGGTGGCCAAGTGAA-1,1
GTGGTTACTTCTTTCG-1,6
GTGGTTTCCGCCTTTC-1,4
GTGTACCTTGGCTACG-1,3
GTGTATATCAGCGGGC-1,1
GTGTCGTATAGCGTTC-1,1
GTGTGAATAACTTAGG-1,2
GTGTTACTATGCGTCC-1,1
GTTAAAGTAGGACTGG-1,2
GTTAACATCACTTAAA-1,1
GTTAACTATGTTGTCA-1,9
GTTAAGGGTGCGATGT-1,1
GTTACAATTGGTGACG-1,4
GTTACCTACAACTTGC-1,1
GTTACTTTGGGCCTAG-1,0
GTTAGCCCATGACATC-1,7
GTTAGCCGTAAATCAA-1,0
GTTAGGCTACCCGTTT-1,8
GTTATAATACGGTGAA-1,6
GTTATATCAGGAGCCA-1,6
GTTATATTATCTCCCT-1,0
GTTATCAAGCTATCGA-1,13
GTTCACAGGAGTCTAG-1,4
GTTCATCGTTTGGCTG-1,6
GTTCGCCATAAGTGCC-1,0
GTTCGCTGAGACGTCT-1,6
GTTCGGATCGGGAACA-1,9
GTTCGGGCGTACCATT-1,6
GTTCGTCTAAAGAACT-1,2
GTTGAACCGGTTCCAT-1,0
GTTGAGTCCCGCCGGT-1,2
GTTGCACGGAGTTTCG-1,5
GTTGGACCGCATCAGG-1,3
GTTGGATTCAGTGGCT-1,4
GTTGGATTGAGAACAC-1,2
GTTGGATTTGCGTTGG-1,3
GTTGGTCATGCTATCC-1,1
GTTTACGTTCCATCTG-1,1
GTTTCAAACGAGTTGT-1,7
GTTTCATATCGTCGCT-1,4
GTTTCCTGGAGGGTGA-1,5
GTTTCTAGAGGCGCGG-1,13
GTTTCTGCAGTCTCCC-1,2
GTTTGACCAAATCCTA-1,3
GTTTGGCCCAAGTTAT-1,2
GTTTGGGCTTGTGAGC-1,1
GTTTGGGTTTCGCCCG-1,7
GTTTGGTAGGGTCAAC-1,0
GTTTGTTAGCCAAGTA-1,11
TAAACCCAGGAGGGCA-1,10
TAAAGCGGTATTTCCA-1,6
TAAAGCGTTAGGAGAA-1,0
TAAAGCTGCAATAGGG-1,4
TAAATGCCGTCTCATG-1,12
TAACATACAATGTGGG-1,2
TAACATACACGCGATC-1,10
TAACCTACCGTCCGAG-1,6
TAACCTAGGGAGTCCA-1,7
TAACTATTACGCCAAA-1,6
TAACTCATCCGCGCGG-1,0
TAAGAGGGACAGGGAC-1,16
TAAGCCCTTACGACCA-1,5
TAAGGCAACATAAGAT-1,3
TAAGGCATAACATCAA-1,15
TAAGGCCCGTCACCCT-1,14
TAAGGCTGAATCCCTC-1,2
TAAGGGCCTGTCCGAT-1,9
TAAGTAACATCTTGAC-1,4
TAAGTCGCCGAGTATC-1,10
TAAGTTGCGACGTAGG-1,9
TAATAAACAAGGAGAT-1,5
TAATACACAGTAGTAT-1,5
TAATACTAGAACAGAC-1,14
TAATAGAACAGAGTTA-1,4
TAATAGGTCACCAGAA-1,8
TAATAGTGACGACCAG-1,3
TAATCGATCCGTACGT-1,0
TAATTACGTCAGTAGA-1,7
TAATTAGGACATCCGT-1,9
TAATTGGAATCGGGAA-1,4
TAATTTCCGTCCAGTA-1,8
TACAACAGCGCATACA-1,12
TACAACGCACAACTCA-1,0
TACAAGGGCTTCTTTA-1,7
TACAAGTCTCGTGCAT-1,5
TACACAGCCGTGGTGC-1,10
TACACCTCTTCGAATC-1,13
TACAGAAACGGTGGGC-1,1
TACATAGGCATACACC-1,0
TACATCCCTATCCCTG-1,11
TACATTTCTAACGTGC-1,0
TACCAAATAGCCCAGA-1,0
TACCAATAAAGTACCA-1,1
TACCAGAAGTAGGTTC-1,3
TACCGAATAATTGTAA-1,7
TACCGCGGACTTGCAG-1,2
TACCGGCTCACTGCCC-1,1
TACCGGTCGTTTCCAT-1,4
TACCGTAGGTTAACTA-1,0
TACCGTGCCTCGGACC-1,1
TACCTACTCCCAGTAT-1,0
TACCTATCCCTAGAGG-1,8
TACCTCAGTTGTCTGT-1,10
TACCTTAAGATTTCCC-1,10
TACGAACACGACTTCA-1,3
TACGACGCTTGCTGCG-1,0
TACGACTGCCTCTTAG-1,2
TACGAGAACTTCACGT-1,3
TACGATGTTGATCATC-1,4
TACGCAGTTCTTTCCT-1,0
TACGCCATATTCTAAT-1,0
TACGCCGAGGGTACCC-1,10
TACGCCTCCATTCCGA-1,0
TACGCTATAGAAACCT-1,6
TACGCTCGGTATTGGA-1,7
TACGGAAGCCAAACCA-1,14
TACGGGATGCTAGCAG-1,4
TACGGGTAATAACATA-1,10
TACGTAAAGCGGAGTG-1,7
TACGTGGGCCCAGGGC-1,14
TACGTTTACCGGCAAT-1,4
TACTACGTGCAATGCG-1,14
TACTATGGTTCCTCAG-1,15
TACTCGTTTGAATCAA-1,10
TACTCTCCGAACAAAT-1,4
TACTCTTACTTTACTG-1,7
TACTCTTTCGTCTTCA-1,15
TACTGAACAGATTTAG-1,15
TACTGAGGGAAGAAAG-1,8
TACTGCAATCAATTAC-1,3
TACTGGACAGCTCGGC-1,5
TACTTAAACATGTACA-1,7
TACTTGTTAGTAGTCC-1,2
TACTTTACTGAGCCGG-1,6
TACTTTCCGCACGCCA-1,8
TAGAAAGGTGGCGCTA-1,0
TAGAATAGCCGATGAA-1,7
TAGACGAAACGCCAAT-1,14
TAGACGCCCGTACCGG-1,2
TAGACTACCTAGCGTT-1,6
TAGAGATCATGCAACT-1,10
TAGAGGTTCTACTTGT-1,9
TAGAGTCTAAGCGAAC-1,3
TAGATATGGACTGGAA-1,3
TAGATGGTTCCTTACT-1,7
TAGCAGATACTTAGGG-1,6
TAGCAGTATGACTAAA-1,7
TAGCCATTTCAAAGTC-1,2
TAGCCGGCGGTCAGCG-1,2
TAGCGTCCCTCGATTG-1,9
TAGCGTCCGGTGTGGT-1,1
TAGCGTTGGGTCTTAC-1,2
TAGCTAAGTCCGGGAG-1,3
TAGCTAGAAGGCATGA-1,4
TAGCTAGTGATGATGG-1,10
TAGCTCGCCTGATAAC-1,0
TAGCTGATGTGAAGCG-1,11
TAGGAGGCTCGAGAAC-1,13
TAGGCATGTTACGCCA-1,3
TAGGCCTATATAGTCT-1,7
TAGGCGATGAGGTCTC-1,8
TAGGCTAAAGTGGCAC-1,7
TAGGGAGCTTGGGATG-1,2
TAGGGTGTTTCAAGAG-1,5
TAGGTCGCCGGAACTG-1,6
TAGGTGACGATAACCT-1,1
TAGGTGAGCCCTACTC-1,5
TAGGTGCTCGCCTAGC-1,2
TAGGTGTTCCACAGAT-1,0
TAGGTTCGAGTTCGTC-1,6
TAGTACCACAACTTTC-1,16
TAGTAGCTTATACCAG-1,6
TAGTCCGCAGAGAATG-1,0
TAGTCGATCACGGGTT-1,9
TAGTCTAACAACGAGA-1,4
TAGTCTGTGACGTTGC-1,3
TAGTGCCCTCCAGAGT-1,3
TATACACAGACGCCTT-1,1
TATACGCGTCATCACT-1,1
TATAGATGGTCGCAGT-1,2
TATAGCGCACGTTATC-1,11
TATATATCGAGAAATG-1,10
TATATCCCTGGGAGGA-1,2
TATATTACAAATGTCG-1,4
TATCACCCAACCGACC-1,0
TATCACTTCGAGTAAC-1,4
TATCAGTGGCGTAGTC-1,8
TATCCAATTGGTTATC-1,1
TATCCATCTCGGTTAG-1,16
TATCCGCACCGTCGGG-1,15
TATCGATCTATGCATA-1,3
TATCGATGATTAAACG-1,5
TATCTACCACAGCGGG-1,1
TATCTGAGCCGATATT-1,16
TATCTTGCAATACAAC-1,8
TATGAAGAATTAAGGT-1,7
TATGACCTTGCGCTGG-1,11
TATGATCCGGCACGCC-1,0
TATGATCTTCTCTTTA-1,2
TATGCTCCCTACTTAC-1,4
TATGGATGTGCTACGC-1,4
TATGGCCCGGCCTCGC-1,5
TATGGGACCGAGCAGG-1,0
TATGGGTACGTATCGT-1,3
TATGGTCTGAGTAACA-1,0
TATGGTTAGTGGGAGA-1,6
TATGTAGAAACCCGGC-1,16
TATGTCAAGACCGACT-1,4
TATGTCTCATTGTGCC-1,0
TATTAACACCAAAGCA-1,8
TATTAACCTGACCGCG-1,15
TATTACCATCCTGCTT-1,2
TATTATGTTTGCCTGC-1,8
TATTCAATTCTAATCC-1,6
TATTCCACTCAGCTCG-1,0
TATTCCGAGCTGTTAT-1,1
TATTCCTCCGCCCACT-1,10
TATTCGTGCCAGAATA-1,0
TATTGCCGGGCTTGTA-1,7
TATTTAGTCTAGATCG-1,12
TATTTATACCGAGTAG-1,5
TATTTGTTACCCTTTA-1,5
TCAAACAACCGCGTCG-1,4
TCAAACTTAGATTGTT-1,0
TCAAAGAGCTATCTGT-1,11
TCAAATTGTTGTGCCG-1,14
TCAAATTTGAGACTCA-1,1
TCAACAAAGATAATTC-1,10
TCAACATAGCGCCCTA-1,15
TCAACATCGACCGAGA-1,8
TCAACCATGTTCGGGC-1,5
TCAACGAGGAGACAAA-1,0
TCAACGCAGGAAATAA-1,10
TCAACGCGACCGGCAG-1,10
TCAACTGCAGAGTCAG-1,9
TCAAGAAATACTAGCT-1,6
TCAAGCGCGGACGGTA-1,7
TCAAGGTTACTACACC-1,6
TCAATACGCCGTCATG-1,15
TCAATCCGGGAAGTTT-1,13
TCACAAACCGAGGTAC-1,7
TCACAGCAAACTCGAA-1,15
TCACAGGAGAATAAGA-1,15
TCACAGGGAATCGCAA-1,1
TCACAGGTTATTGGGC-1,3
TCACCCTCTTAAGATT-1,1
TCACCGCTCGGCACTC-1,6
TCACGATGTCCGTGGA-1,10
TCACGCATTGTAGATC-1,3
TCACGGTCATCGCACA-1,12
TCACGTGCCCGATTCA-1,6
TCACTACGACCAATGC-1,5
TCACTATCCCTTCGGT-1,13
TCACTCGTGCAACGGC-1,5
TCAGAACCTCCACAGG-1,6
TCAGACGCTATAGAAG-1,2
TCAGCAAATGCATCTC-1,0
TCAGCCAATCCGTAAA-1,7
TCAGCTTGAGCTTTCG-1,16
TCAGGGTGTAACGTAA-1,3
TCAGGTTCTTTGAGAA-1,4
TCAGTACTGACCCGCG-1,12
TCAGTAGGGACTATAA-1,0
TCAGTGTATACGTCAT-1,12
TCATATGAGCTTTGTT-1,15
TCATCCTCAGCTGCTT-1,7
TCATCGACGACCGTCG-1,14
TCATCGATGGTCCCAA-1,8
TCATGCAGGTTCTCAT-1,5
TCATTTAAGTCTCCGA-1,2
TCATTTAGAAGTGTGA-1,6
TCCAACTCAGCTATCT-1,7
TCCAACTTTAAATTCT-1,3
TCCAAGCCTAGACACA-1,7
TCCAATAAAGGCTACC-1,10
TCCACAATGGTTTACG-1,5
TCCACATCGTATATTG-1,14
TCCACCAAGACATAGG-1,13
TCCACCTCTAGCCTTT-1,15
TCCACTTTATCTAGGT-1,0
TCCAGAGCACCGGTTC-1,1
TCCAGATGTACGCCAA-1,6
TCCAGGCGAGTACGGT-1,3
TCCAGGGTATATACGA-1,0
TCCATCAATACTAATC-1,16
TCCCAAACAGACAACG-1,0
TCCCAAAGACGAAGGA-1,4
TCCCACTCTCTTCCGG-1,6
TCCCAGCTTTAGTCTG-1,3
TCCCAGGCTTAGCTAA-1,4
TCCCGCGTACTCCTGG-1,3
TCCCGGGTGTGCTGCT-1,4
TCCCGTCAGTCCCGCA-1,4
TCCCGTCGCGTCATAG-1,0
TCCCGTGTGCAATTTG-1,1
TCCCTAGATCAATAGG-1,0
TCCCTGGCGTATTAAC-1,8
TCCCTGGCTCGCTGGA-1,5
TCCCTTAGATTACTCG-1,5
TCCGAAGTAGTCACCA-1,5
TCCGAATGGTCCTGAG-1,0
TCCGATAATTGCCATA-1,12
TCCGATGACTGAGCTC-1,4
TCCGATGGTGCGACAT-1,4
TCCGATTACATTGCCG-1,5
TCCGCCTGTCTACAAG-1,1
TCCGCGGCAGCATCTG-1,2
TCCGCGGCCCAATGAA-1,9
TCCGCTGTCATCCCGG-1,1
TCCGCTTATCCCATTA-1,1
TCCGGAGGAAGGGCTG-1,5
TCCGGCCTAGCGTACA-1,0
TCCGGGCTTGACGGGA-1,7
TCCGGTTCGTCCGGTC-1,3
TCCGTTAAGCTAATAT-1,9
TCCGTTTAGCCTTGAA-1,0
TCCTAAAGATTCAGAC-1,14
TCCTAAATTGGGAAGC-1,1
TCCTAACCGTCGGGCA-1,6
TCCTACATCCACGGCC-1,2
TCCTAGCAAAGAAGCT-1,3
TCCTCCTAAGACATTC-1,8
TCCTCGGGCTGGGCTT-1,2
TCCTCTACGAGATGGC-1,12
TCCTGCCAACTGGAGA-1,12
TCCTGCGTTGATACTC-1,4
TCCTGGCGCTGCCTGG-1,5
TCCTTACGACGGTCCG-1,2
TCCTTCAATCCCTACG-1,8
TCCTTGTCCTTTAATT-1,14
TCCTTTAAATCCGCTT-1,7
TCCTTTCTTACGCTTA-1,3
TCGAAATTTAGGACCA-1,4
TCGAAGAACCGAGCAC-1,9
TCGAATATCCCGCAGG-1,12
TCGACAACTGAACCCG-1,8
TCGAGACCAACACCGT-1,0
TCGAGTCTACGATTCG-1,10
TCGCAAAGATGCATTT-1,2
TCGCACCAGGAGGCAG-1,2
TCGCATAAAGGGCGCA-1,7
TCGCCGAAGTTGCGTC-1,4
TCGCCGACATATTCGC-1,7
TCGCCGCACCGCGTGA-1,11
TCGCCGGTCGATCCGT-1,5
TCGCGTAGCAGTGTCC-1,7
TCGCGTCCAGAAGGTC-1,5
TCGCTAAACCGCTATC-1,4
TCGCTACTGGCTTTGA-1,7
TCGCTCGATATATTCC-1,3
TCGCTCGGCACCAGCG-1,0
TCGCTGCCAATGCTGT-1,14
TCGCTGGGCGGATTGT-1,3
TCGCTTTAAACGTTTG-1,3
TCGGAATGCGCTCTGA-1,12
TCGGACGCCCAGCCCA-1,6
TCGGAGAGTATCGGGA-1,10
TCGGAGTACATGAGTA-1,0
TCGGCGAACCCAAACC-1,6
TCGGCGTACTGCACAA-1,11
TCGGCTTGTATCGACG-1,9
TCGGGAACGTGCCTAG-1,0
TCGGGAGACAGCGTAC-1,1
TCGGGCCGTCGTGGTA-1,2
TCGGTCCCGACAATAG-1,8
TCGGTGACCGCTCCGG-1,4
TCGTAAGACGACATTG-1,3
TCGTAAGCTCCGAGGA-1,4
TCGTACCGACGTCAAG-1,10
TCGTATTACCCATTGC-1,5
TCGTCAAGTACGCGCA-1,10
TCGTCTTAGGCGTTAA-1,1
TCGTGTACTATGGATG-1,13
TCGTGTCACGCTGACA-1,10
TCGTGTTCGACCACAA-1,9
TCGTTAGGAGTCCCTA-1,3
TCGTTGCTATCCGGTC-1,15
TCGTTTACGCGACCCT-1,13
TCTAAAGAACAGTCTC-1,11
TCTAACCTAGCCTGCG-1,13
TCTAATACTGCCTCAG-1,8
TCTACCCAATAGAGAG-1,9
TCTACCCGCATCATTT-1,13
TCTACCGTCCACAAGC-1,4
TCTAGCAATCTCCGCC-1,5
TCTAGCATCTTCGATG-1,5
TCTAGCATGCCCAGAA-1,1
TCTAGGTGGCGACGCT-1,6
TCTAGTGATATCGTGG-1,6
TCTAGTTATCAGAAGA-1,3
TCTATAGGTGGGTAAT-1,7
TCTATCGGTCGCAACA-1,5
TCTATGCTATAACGAC-1,7
TCTATTACTAGAGGAT-1,8
TCTCAAATCAATCGGG-1,13
TCTCATGAGATAGGGT-1,2
TCTCCAACGTAGGTTA-1,4
TCTCCACAAGTTGAAT-1,1
TCTCCCTGGGCAGCGT-1,1
TCTCGAACGAGGTCAC-1,12
TCTCGACGTATCGCCG-1,9
TCTCGAGGAGGTTCGC-1,6
TCTCGTGTTACGAGGA-1,11
TCTCTAATAGCTGGTA-1,12
TCTGAACTCGTACCCG-1,2
TCTGAAGCACGTGGTC-1,1
TCTGAATTCCGTACAA-1,2
TCTGAGCAATTGACTG-1,9
TCTGATGTATTCTGTC-1,1
TCTGCATACCTTGCTT-1,7
TCTGCCAGAAACTGCA-1,1
TCTGGGAACCTTTGAA-1,2
TCTGGGTAGCGCTCAT-1,4
TCTGTGCCATCATAGT-1,6
TCTGTTACCCAGCATA-1,10
TCTTACCGGAACTCGT-1,3
TCTTACTTATGCCTCT-1,2
TCTTAGAGCTCCAATT-1,6
TCTTAGAGTGAACTCT-1,2
TCTTCCCATGGGCACA-1,2
TCTTCGAATAGACGTT-1,2
TCTTCGATACCAATAA-1,0
TCTTCTATAACCCGCC-1,9
TCTTGATGCGTAGCGA-1,0
TCTTGCTCCCGATACT-1,13
TCTTGGTAACACCAAA-1,5
TCTTTAAGACTATGAA-1,2
TCTTTAGAGTCTAACA-1,9
TGAAAGGACCTGACTC-1,1
TGAACTGCTATGACTT-1,16
TGAATACCGACGCGTA-1,14
TGAATATGCTATAAAC-1,5
TGAATGTCAGCCGGCC-1,9
TGAATTTCACTTGCCT-1,8
TGACACTTCTCTTTGC-1,4
TGACAGGACAAGTCCA-1,8
TGACATATATGACGAT-1,12
TGACATCGAGCGGACC-1,2
TGACATGTAACGTGAC-1,14
TGACCAAATCTTAAAC-1,15
TGACCCACGTTAGACA-1,3
TGACGAATATTTCCCT-1,8
TGACGATGCACTAGAA-1,2
TGACTATAATCCTTTC-1,2
TGACTCCGAATCATAC-1,16
TGAGACGTACCTCTCA-1,8
TGAGAGATTTACCACG-1,1
TGAGATTAGGCCCTAA-1,4
TGAGCCATACAGTCTC-1,4
TGAGCGGAAAGTGTTC-1,1
TGAGCTTTAATGACGC-1,4
TGAGGAGTGCCAGCTT-1,0
TGAGGCATGTACTGTG-1,8
TGAGTAAATTAGCGTA-1,0
TGAGTGCCTCTTAAAT-1,3
TGAGTGGTCCGTGACG-1,0
TGAGTGTAACAACGGG-1,13
TGAGTTAAAGACATTC-1,9
TGATACATTTAGCCGT-1,15
TGATCAGGGAACTGCT-1,10
TGATCCCAGCATTAGT-1,6
TGATCGGTTTGACCCT-1,4
TGATCTACGCTGATCT-1,4
TGATCTATCACACTCT-1,13
TGATCTCCGGCGCCAG-1,4
TGATGGCTGTTTCTGA-1,0
TGATGTCAATTAAGTG-1,7
TGATTATGGCACGCAG-1,5
TGATTCAGGTCCCGCG-1,11
TGATTCCCGGTTACCT-1,12
TGATTCGTCTATCACT-1,4
TGATTCTGTCGCCGGT-1,4
TGATTTATTAGCTGTG-1,4
TGCAACCCATCTGCGG-1,1
TGCAACTACTGGTTGA-1,13
TGCAAGAATGACGTAA-1,3
TGCAATCTAACACGGT-1,2
TGCAATTTGGGCACGG-1,5
TGCACAGTGAAGTTAT-1,5
TGCAGAACTATATCGT-1,10
TGCAGAGTACCGAGCA-1,3
TGCAGATCGTCCTAGG-1,8
TGCAGCTACGTACTTC-1,8
TGCAGGATCGGCAAAG-1,4
TGCAGTTTCCTCCCAT-1,2
TGCATATGTCTGTCAC-1,2
TGCATGGATCGGATCT-1,5
TGCATGTGGTAATCTA-1,0
TGCCAAAGTCAGACTT-1,8
TGCCAATGGGTACTCT-1,15
TGCCACACTAGAGGAA-1,11
TGCCACCTGGCGAAAC-1,5
TGCCAGTACGTGGAGA-1,1
TGCCATTACTAAAGAA-1,4
TGCCCGATAGTTAGAA-1,14
TGCCCGTACCGTTAAA-1,2
TGCCGTGGATCGTCCT-1,1
TGCCGTGGGACCCAAT-1,10
TGCCGTTCTTAATCGG-1,10
TGCCTAATTGAAGATT-1,9
TGCCTGATCAAACGAT-1,5
TGCCTTGGCCAGGCAA-1,1
TGCGAATATGGGATTT-1,11
TGCGACACCCTAGTGC-1,4
TGCGAGAATATTACCC-1,4
TGCGAGATGGCGGCCA-1,5
TGCGAGCCCTTCCGCG-1,5
TGCGCAAAGCATTTGG-1,0
TGCGCGATTAACGGAG-1,5
TGCGGACTTGACTCCG-1,14
TGCGGAGTAAAGGTGC-1,4
TGCGTAAGAACCTGAT-1,3
TGCGTACGGCTAATTG-1,7
TGCGTCATGACTGAGC-1,11
TGCGTTTGTTGACACT-1,1
TGCTAAGTGTCTATTT-1,1
TGCTCCACAGTTCTTA-1,2
TGCTCGGCGAAACCCA-1,0
TGCTCGGTGGGTCACC-1,14
TGCTCTTGAGAGTTTG-1,7
TGCTGTTGAAGAACTC-1,2
TGCTTCCCAAGCAGTA-1,0
TGGAACCACTGACACA-1,3
TGGAAGAAGGGAACGT-1,4
TGGAAGGATAAAGATG-1,5
TGGAATATCCTTGACC-1,0
TGGACCAATCTAAGAT-1,1
TGGACGCAATCCAGCC-1,10
TGGACTGTTCGCTCAA-1,2
TGGAGTGATGCGATGA-1,5
TGGCAAACTAAATTAC-1,1
TGGCAACTCGCGCGCC-1,4
TGGCAAGCACAAGTCG-1,10
TGGCAATGGGACGGCG-1,9
TGGCAGATTACGATCA-1,0
TGGCAGCAGTAATAGT-1,0
TGGCATGAAGTTTGGG-1,8
TGGCCAAACTGAAGTA-1,3
TGGCCAATTTGGTACT-1,11
TGGCCGTATATTGACC-1,12
TGGCGACTGCTCCAAA-1,15
TGGCGATCAAGTTATG-1,0
TGGCTACACTCTACCT-1,7
TGGCTATGTGACATAC-1,1
TGGCTCTTGTCGCGTA-1,11
TGGCTTATGTATAATG-1,8
TGGCTTGTACAAGCTT-1,4
TGGGATGCACTCATTC-1,12
TGGGCAATAGTTGGGT-1,9
TGGGCCACAAGAGCGC-1,5
TGGGCCCATACTAATT-1,2
TGGGCGATACAATAAG-1,14
TGGGTGCACAAGCCAT-1,14
TGGGTGGGATGTCATT-1,12
TGGGTGTAATAGATTT-1,7
TGGTAAGCAGGATTGA-1,8
TGGTAGAATATATGGG-1,9
TGGTCCCACGCTACGG-1,2
TGGTCGTGCAAGGCAA-1,8
TGGTCTGTTGGGCGTA-1,4
TGGTTAACTTACATTT-1,8
TGGTTAAGGGCGCTGG-1,0
TGGTTCAACGGGTAAT-1,1
TGGTTCGTAGCAAAGG-1,5
TGGTTTAAACGTGGGT-1,6
TGTACCTACACGAGGG-1,1
TGTACGAACAAATCCG-1,0
TGTACTTCCGGGCATG-1,7
TGTAGCCAATTCCGTT-1,14
TGTAGCCATCCCATTC-1,7
TGTAGGAGAAATTTCC-1,2
TGTAGTGATCTATAAT-1,4
TGTATAACAGATCCTG-1,0
TGTATCAGACTGAAGC-1,12
TGTATGGCGCAGACAG-1,2
TGTCATTTGTTGGGAA-1,3
TGTCCACGGCTCAACT-1,7
TGTCCTAAGTCACCGC-1,5
TGTCGTTATCACATAT-1,8
TGTGACTACGCCAGTC-1,4
TGTGACTAGAGTTTGC-1,7
TGTGAGACTAGCCCAA-1,15
TGTGCCAGAGGCAAAG-1,8
TGTGCCGGTGCCGGAA-1,9
TGTGGCAAAGCGTATG-1,0
TGTGGCGGGCTTCTGG-1,15
TGTGTCGAAGTCGAGG-1,8
TGTGTGACCATGAATC-1,11
TGTTATTGTATGTGGC-1,1
TGTTCCGCTTCCATGA-1,3
TGTTCCGGCCTGAGCT-1,14
TGTTCGTATTGCGGTG-1,1
TGTTCTTCCATTGACT-1,3
TGTTGTCAAGAAGTCT-1,3
TGTTTCTGAAGCGTGC-1,16
TGTTTGAGATCGTCAG-1,9
TTAAACTCGAATTCAT-1,6
TTAAAGTAAGTCGCCA-1,7
TTAACCAACCCTCCCT-1,12
TTAACGAACAAGCAGT-1,0
TTAACTTCAGGTAGGA-1,12
TTAAGATAGGATTGAC-1,6
TTAAGCGCCTGACCCA-1,4
TTAAGGCCCGTACTTT-1,8
TTAAGTATTGTTATCC-1,7
TTAATCAGTACGTCAG-1,5
TTAATGTAGACCAGGT-1,3
TTAATTGCTTTGGGTG-1,1
TTAATTTCAGACGCGG-1,12
TTACAACTACGCATCC-1,5
TTACACGATCTGCGAC-1,7
TTACAGACCTAAATGA-1,0
TTACATGCCACAACTA-1,7
TTACCATTGATTACCC-1,5
TTACCCATTGCCGGGT-1,5
TTACCCTAGGGATTGG-1,0
TTACGGATGGTTCGAG-1,2
TTACTAAAGGACTTTA-1,2
TTACTCCGGCCGGGAA-1,2
TTACTCTGGTACGTAC-1,4
TTACTGGGATATTTCA-1,0
TTACTGTCTAGAGCTC-1,3
TTAGAAGAACATGACT-1,1
TTAGAATAAGGGTCGG-1,6
TTAGACACGATCGTTG-1,5
TTAGACGAGTCACCTC-1,1
TTAGAGGGATATACAG-1,11
TTAGAGTTTAGAAGGA-1,1
TTAGCTAATACGATCT-1,3
TTAGCTGATTTGCCGT-1,6
TTAGTAAACCTGCTCT-1,7
TTAGTAGGGCGGCGGG-1,5
TTAGTTATTCGTGGCA-1,2
TTAGTTCAAGTGTTCG-1,0
TTATAGGTAATTGTCT-1,1
TTATATACGCTGTCAC-1,2
TTATATTTGGCAATCC-1,3
TTATCCGGGATCTATA-1,2
TTATCCTCAAGGAATA-1,11
TTATCTGACATTAGGA-1,11
TTATCTGTATCATAAC-1,4
TTATGAATGAAAGGGA-1,1
TTATGACAAACTGGAT-1,5
TTATGATCTTAACGAA-1,2
TTATTAGAGCGTGTTC-1,1
TTCAAAGTCTCTAGCC-1,2
TTCAATACTCTGAATC-1,2
TTCACGAAAGGATCAC-1,0
TTCACTCGAGCACCTA-1,1
TTCAGCCCTGGTCCAC-1,1
TTCAGCTGGCGTGCCC-1,9
TTCAGGCGTCAAAGCC-1,8
TTCATGGCGCAACAGG-1,5
TTCCAATCAGAGCTAG-1,3
TTCCAATCTGGCTATC-1,0
TTCCACACAGATTTGA-1,15
TTCCAGACGAGATTTA-1,6
TTCCATCATGCGGTGA-1,5
TTCCATCGACAGCGTG-1,7
TTCCCGGCGCCAATAG-1,11
TTCCGCAGAGAAATAT-1,3
TTCCGCGTGAGGCGAT-1,1
TTCCGGCCTTGAGGCT-1,15
TTCCGGCTCGACTTCT-1,5
TTCCGGTTACCCACTT-1,2
TTCCTCGAGGGTGTCT-1,5
TTCCTCGGACTAACCA-1,2
TTCGACAGAGCCCGTG-1,1
TTCGACGGGAAGGGCG-1,5
TTCGCACTCGCGTGCT-1,5
TTCGCACTGTACGACA-1,13
TTCGCCGCTCGCGCTA-1,8
TTCGCGCGCCATACGA-1,15
TTCGCTATCTGACGTG-1,3
TTCGGCAACCCGCTGA-1,5
TTCGGGACTAATCGCG-1,2
TTCGGGCGCTAGTCTT-1,10
TTCGGTACTGTAGAGG-1,14
TTCGTACTCCAGAACG-1,12
TTCGTTCAACGAAGTT-1,3
TTCTAACCGAAGCTTA-1,2
TTCTAGAAAGTCTTAT-1,10
TTCTAGGCCAATTGTG-1,12
TTCTATTAAACGCAGC-1,6
TTCTCTTACAGGTGAT-1,16
TTCTGACCGGGCTCAA-1,2
TTCTGCCGCGCCTAGA-1,1
TTCTGCGGGTTAGCGG-1,2
TTCTGCTAGACTCCAA-1,6
TTCTTATCCGCTGGGT-1,9
TTCTTGAGCCGCGCTA-1,4
TTCTTGCTAGCATCTC-1,6
TTCTTGGACGATCTGC-1,10
TTCTTGGAGTAATGAG-1,4
TTCTTTGGTCGCGACG-1,0
TTGAAAGGTGTAAAGG-1,5
TTGAACGACGTGCTGA-1,1
TTGAAGAATTCCCAGG-1,3
TTGAAGGATGGGCGCC-1,16
TTGAATATGGACTTTC-1,2
TTGAATCGTTGTATAA-1,11
TTGAATTCACGTGAGG-1,2
TTGACAGGAGCTCCCG-1,9
TTGACATGAACGTGGA-1,4
TTGACCAGGAACAACT-1,1
TTGACCATGTTCTCCG-1,3
TTGACCGTGTTAATGA-1,10
TTGACGCTCCATGAGC-1,6
TTGACTACCATATGGT-1,3
TTGACTATTGTCCGGC-1,6
TTGAGAAGTTTAGCAT-1,1
TTGAGAGTACTGCTAA-1,4
TTGATAGTCAATACAT-1,0
TTGATCTAACTTTGTC-1,4
TTGATGTGTAGTCCCG-1,3
TTGATTAGCTGTTTCT-1,0
TTGATTATGCAGATGA-1,12
TTGCAAGAAGACTCCT-1,14
TTGCACAATTCAGAAA-1,0
TTGCACGGAGCAGCAC-1,5
TTGCATGCTGATCACG-1,0
TTGCCAAGCAGAACCC-1,9
TTGCCATAGCCCGCTC-1,11
TTGCCCTGATCACGGG-1,4
TTGCCGCAGACCTACA-1,16
TTGCCGCTTTCTAGTA-1,1
TTGCCTTCTCGCCGGG-1,7
TTGCGCTTGATCAATA-1,7
TTGCGGCATCAGAAAG-1,10
TTGCGTCGGCCAACCG-1,10
TTGCGTGAACGCTTAG-1,5
TTGCGTGTGTAGGCAT-1,14
TTGCTCATAGTACGTG-1,7
TTGCTCCCATACCGGA-1,4
TTGCTGAAGGAACCAC-1,12
TTGCTGATCATGTTCG-1,3
TTGGAAGAATACAGTC-1,11
TTGGACATGTGGCTTA-1,4
TTGGACCATCTGGCAA-1,9
TTGGACCTATAACAGT-1,1
TTGGATATCGTCTACG-1,0
TTGGCCTAGAATTTCG-1,5
TTGGCTCAATATGTGT-1,7
TTGGGAAGACGAGCCG-1,14
TTGGGACACTGCCCGC-1,3
TTGGGACGTAAGAGTT-1,6
TTGGGCGGCGGTTGCC-1,0
TTGGTCACACTCGTAA-1,3
TTGGTTGCGGTGCGCG-1,11
TTGTAAGGACCTAAGT-1,5
TTGTAAGGCCAGTTGG-1,3
TTGTAATCCGTACTCG-1,3
TTGTACACCTCGAACA-1,11
TTGTCACCGCGGTATC-1,11
TTGTCGTTCAGTTACC-1,5
TTGTGAACCTAATCCG-1,1
TTGTGAGGCATGACGC-1,11
TTGTGATCTGTTCAGT-1,7
TTGTGCAGCCACGTCA-1,1
TTGTGCGGAAGCGGAT-1,8
TTGTGGCCCTGACAGT-1,12
TTGTGGTAGGAGGGAT-1,10
TTGTGGTGGTACTAAG-1,7
TTGTGTATGCCACCAA-1,0
TTGTGTTTCCCGAAAG-1,0
TTGTTCAGTGTGCTAC-1,4
TTGTTGTGTGTCAAGA-1,0
TTGTTTCACATCCAGG-1,10
TTGTTTCCATACAACT-1,10
